Student ID,Age,Gender,Gaming Hours,Study Hours,Sleep Hours,Grades
1,22,Male,7,8,6,86
2,19,Male,0,8,7,98
3,23,Female,1,9,4,90
4,20,Female,6,1,7,32
5,22,Female,5,5,5,58
6,18,Male,7,6,8,57
7,22,Female,0,7,6,94
8,23,Female,4,6,5,62
9,20,Female,4,7,8,80
10,19,Male,0,4,7,82
11,23,Female,4,2,8,52
12,23,Female,4,2,5,42
13,18,Male,1,1,7,63
14,21,Female,2,4,7,73
15,20,Male,5,1,7,37
16,17,Male,3,3,4,57
17,23,Male,6,6,5,62
18,21,Female,2,9,8,100
19,17,Male,2,8,6,91
20,20,Male,7,3,8,42
21,16,Female,7,2,5,18
22,21,Male,0,2,8,76
23,24,Female,6,9,7,100
24,16,Female,0,5,7,92
25,18,Female,0,2,5,56
26,22,Female,2,8,8,100
27,19,Female,2,4,6,75
28,24,Male,6,9,7,88
29,18,Female,5,3,4,39
30,20,Male,7,4,7,44
31,18,Female,5,5,8,69
32,22,Male,3,9,4,88
33,20,Female,5,8,7,88
34,24,Female,8,6,4,40
35,22,Female,5,3,8,42
36,17,Male,6,4,8,62
37,19,Male,7,9,5,71
38,24,Female,0,6,4,83
39,17,Female,5,8,7,74
40,24,Male,6,5,4,30
41,20,Other,7,5,6,38
42,17,Female,1,4,5,79
43,19,Male,4,7,6,86
44,22,Female,5,8,4,77
45,23,Female,1,5,4,69
46,18,Male,4,5,4,55
47,16,Male,2,4,7,74
48,19,Female,2,2,6,56
49,17,Female,3,9,5,86
50,23,Male,4,3,7,64
51,19,Female,3,8,8,99
52,17,Female,3,7,5,66
53,21,Female,2,8,8,93
54,21,Male,1,9,7,100
55,19,Female,0,6,4,78
56,21,Male,1,9,5,100
57,17,Male,4,2,6,57
58,17,Male,6,6,7,63
59,19,Female,1,7,5,85
60,23,Female,0,3,8,85
61,22,Male,5,7,7,96
62,24,Female,2,8,5,88
63,23,Male,7,8,4,54
64,20,Male,5,3,4,47
65,17,Other,2,7,6,87
66,20,Female,2,3,6,60
67,23,Male,4,7,7,77
68,24,Female,0,5,7,100
69,24,Male,0,6,5,83
70,16,Male,1,4,6,74
71,24,Female,6,2,4,35
72,22,Female,4,2,5,47
73,24,Male,0,1,7,67
74,23,Female,5,6,6,59
75,16,Female,3,8,8,91
76,23,Male,4,1,8,66
77,23,Female,1,1,7,70
78,18,Female,4,5,4,56
79,16,Female,7,7,5,70
80,23,Female,0,2,4,72
81,18,Female,2,3,7,69
82,18,Male,1,3,8,63
83,16,Female,1,4,7,84
84,20,Female,3,3,7,59
85,22,Male,6,4,8,33
86,24,Female,7,7,8,75
87,22,Female,1,6,5,84
88,24,Female,4,1,8,51
89,23,Male,5,6,7,70
90,17,Male,4,5,5,71
91,16,Female,3,9,8,108
92,22,Male,1,3,8,77
93,22,Female,3,7,6,83
94,23,Male,3,7,8,87
95,20,Male,6,2,5,28
96,18,Male,6,9,6,89
97,23,Male,1,5,4,61
98,21,Female,0,7,6,96
99,18,Male,7,2,6,26
100,16,Male,4,3,5,40
101,18,Male,6,6,7,50
102,20,Female,0,3,4,60
103,18,Male,4,5,4,52
104,16,Female,4,4,5,56
105,20,Female,6,6,6,55
106,22,Female,0,5,5,74
107,22,Female,1,1,5,53
108,24,Female,3,6,5,70
109,18,Female,6,4,4,28
110,22,Male,7,4,6,39
111,16,Male,7,1,8,25
112,19,Male,7,2,5,19
113,19,Female,0,3,7,81
114,20,Other,0,9,4,100
115,22,Female,1,4,5,87
116,22,Male,2,1,5,45
117,19,Female,6,2,8,41
118,22,Male,7,1,6,20
119,18,Male,1,6,7,100
120,21,Male,4,2,7,51
121,17,Male,7,5,4,39
122,24,Female,3,4,8,61
123,20,Male,0,8,5,95
124,21,Male,3,3,4,59
125,19,Female,3,5,5,66
126,22,Female,4,7,5,70
127,24,Female,3,4,4,65
128,22,Male,0,8,7,109
129,16,Female,7,6,5,42
130,16,Female,4,4,7,67
131,24,Male,3,5,4,59
132,24,Female,7,9,8,91
133,19,Male,1,6,4,88
134,24,Male,1,9,7,100
135,18,Female,6,2,7,32
136,22,Female,2,5,4,69
137,21,Male,6,9,4,78
138,23,Female,2,3,4,66
139,24,Female,0,9,5,105
140,20,Female,4,1,4,36
141,16,Male,1,9,7,100
142,18,Female,6,5,6,58
143,23,Male,5,1,6,38
144,21,Female,7,8,4,46
145,23,Male,6,3,8,43
146,24,Male,1,1,4,36
147,19,Female,6,2,5,27
148,16,Male,5,6,4,47
149,16,Male,5,9,4,93
150,19,Male,6,2,7,37
151,22,Female,4,5,7,67
152,17,Male,3,2,7,60
153,18,Female,5,7,6,88
154,16,Male,2,2,8,55
155,20,Male,1,3,6,75
156,16,Male,4,2,6,45
157,23,Female,1,5,5,89
158,16,Male,0,8,4,92
159,16,Male,0,5,6,87
160,17,Other,4,1,5,24
161,17,Female,2,6,6,83
162,21,Male,6,8,5,79
163,22,Male,3,2,8,65
164,20,Female,3,1,9,65
165,16,Male,3,2,5,59
166,16,Male,5,7,8,87
167,18,Female,2,6,8,91
168,17,Female,7,5,8,54
169,20,Female,7,3,5,8
170,21,Male,6,3,7,38
171,22,Male,7,9,5,76
172,19,Female,3,3,7,64
173,22,Male,4,9,7,87
174,23,Female,5,6,7,58
175,16,Female,5,2,5,38
176,21,Male,7,5,8,48
177,23,Female,5,9,6,85
178,20,Female,7,4,5,27
179,19,Female,2,8,6,99
180,17,Male,6,3,8,43
181,21,Male,5,6,8,76
182,21,Female,5,8,7,88
183,16,Male,2,9,4,86
184,24,Other,6,5,4,52
185,21,Male,7,6,4,44
186,18,Female,1,1,4,58
187,19,Male,5,3,5,47
188,19,Female,3,3,5,55
189,18,Male,7,1,4,15
190,18,Male,3,3,8,64
191,18,Male,1,3,7,76
192,19,Female,3,9,7,99
193,22,Male,5,7,5,81
194,19,Female,0,4,6,87
195,24,Female,4,9,5,84
196,16,Male,7,2,6,25
197,23,Female,6,5,7,50
198,22,Male,0,6,6,100
199,17,Other,7,1,8,10
200,23,Female,5,7,8,80
201,16,Male,1,1,6,57
202,24,Male,0,2,5,69
203,24,Male,1,2,8,72
204,17,Other,6,9,7,83
205,22,Male,0,7,7,82
206,18,Female,1,6,7,108
207,22,Male,6,6,4,44
208,24,Female,4,3,4,35
209,19,Male,6,6,4,47
210,16,Female,5,4,4,41
211,17,Female,0,2,6,61
212,16,Female,7,7,4,51
213,20,Male,1,2,8,75
214,20,Male,4,2,6,65
215,22,Male,5,8,5,85
216,24,Female,1,6,4,77
217,24,Male,7,6,6,55
218,18,Female,3,4,4,61
219,18,Male,0,4,7,79
220,18,Female,7,7,8,63
221,19,Female,4,7,6,70
222,23,Female,5,5,4,52
223,21,Male,4,9,7,108
224,23,Male,6,9,5,71
225,16,Male,0,4,5,86
226,23,Male,2,8,6,100
227,19,Female,3,5,8,79
228,16,Female,0,5,5,81
229,23,Female,5,1,8,31
230,19,Male,3,6,4,71
231,21,Female,2,9,4,92
232,23,Female,0,8,7,100
233,19,Female,5,8,4,75
234,18,Male,6,2,5,26
235,24,Male,3,4,4,49
236,18,Male,4,3,5,49
237,24,Female,1,3,5,74
238,17,Female,4,6,7,68
239,17,Male,0,4,7,81
240,17,Male,3,6,8,79
241,21,Female,5,4,7,60
242,18,Female,7,3,7,39
243,24,Male,3,1,7,59
244,19,Female,6,9,8,93
245,16,Other,4,1,5,31
246,19,Female,7,1,5,6
247,16,Male,3,8,7,94
248,20,Female,2,9,5,94
249,19,Female,7,7,8,77
250,23,Male,0,1,6,57
251,23,Female,1,3,5,71
252,22,Female,0,9,7,100
253,18,Female,6,8,5,65
254,16,Male,0,6,8,100
255,16,Female,6,3,8,48
256,18,Female,3,1,7,42
257,21,Male,0,1,4,55
258,22,Female,3,6,5,75
259,21,Female,1,1,6,66
260,21,Female,5,9,8,98
261,21,Male,5,2,4,31
262,18,Female,3,7,4,71
263,21,Male,0,2,4,58
264,23,Male,5,5,6,69
265,17,Female,6,1,8,45
266,20,Male,5,7,4,62
267,16,Female,6,6,5,40
268,16,Male,1,1,7,73
269,20,Male,7,8,8,80
270,18,Male,2,5,8,82
271,19,Other,0,9,7,100
272,18,Female,6,9,4,72
273,16,Female,7,9,5,81
274,16,Male,5,1,8,43
275,20,Male,1,2,8,74
276,21,Other,2,9,7,106
277,18,Male,3,5,7,78
278,24,Male,7,3,8,40
279,20,Female,1,7,6,100
280,23,Male,6,3,4,30
281,16,Female,2,7,7,87
282,20,Female,6,8,8,104
283,18,Male,7,8,7,79
284,16,Male,3,3,8,59
285,19,Male,2,4,6,70
286,20,Female,6,4,4,41
287,22,Female,4,5,4,59
288,16,Male,5,2,8,51
289,18,Male,4,5,6,53
290,17,Female,1,5,4,75
291,24,Female,6,5,8,59
292,21,Male,1,8,6,100
293,18,Male,7,5,8,45
294,23,Male,2,3,6,62
295,23,Female,5,6,4,51
296,17,Other,2,8,7,83
297,21,Male,2,3,8,66
298,22,Female,2,6,4,77
299,17,Male,5,2,8,36
300,17,Male,4,4,5,56
301,16,Male,7,9,5,70
302,23,Female,2,9,5,94
303,16,Female,5,6,8,62
304,24,Female,6,7,6,73
305,21,Male,1,8,6,107
306,22,Male,3,9,8,88
307,22,Male,3,5,4,41
308,18,Female,2,6,4,73
309,17,Male,2,4,4,59
310,24,Female,5,1,7,27
311,23,Male,1,4,6,82
312,22,Male,5,8,8,84
313,24,Male,7,8,6,68
314,19,Male,4,9,5,73
315,19,Male,4,1,8,32
316,16,Male,0,5,5,84
317,23,Female,6,1,8,48
318,18,Female,2,2,5,51
319,22,Male,4,9,4,77
320,17,Male,7,5,6,39
321,17,Male,4,7,4,62
322,22,Male,5,1,4,17
323,21,Male,3,4,6,64
324,18,Female,0,7,5,86
325,24,Male,6,2,4,32
326,21,Male,0,3,5,70
327,21,Male,5,1,6,41
328,16,Male,0,6,5,91
329,19,Female,6,9,4,81
330,21,Male,1,8,6,100
331,21,Male,4,9,7,99
332,20,Female,4,8,7,79
333,16,Male,3,8,5,80
334,23,Female,2,6,4,79
335,20,Female,3,5,6,75
336,20,Male,2,4,8,77
337,22,Female,3,8,6,99
338,19,Male,2,2,4,54
339,21,Female,4,1,4,43
340,19,Male,1,9,8,100
341,18,Male,7,1,7,18
342,22,Female,4,9,5,90
343,23,Female,1,7,5,84
344,19,Other,3,3,8,60
345,17,Female,6,7,4,56
346,18,Male,0,8,6,99
347,16,Male,5,3,7,44
348,23,Male,4,7,5,80
349,18,Male,1,8,4,94
350,22,Male,6,3,5,27
351,20,Female,2,1,8,49
352,20,Male,2,2,6,61
353,22,Male,6,2,8,26
354,24,Male,5,1,6,43
355,20,Female,7,7,8,78
356,16,Female,5,4,8,67
357,16,Female,5,8,6,76
358,17,Male,6,3,5,45
359,21,Female,0,5,7,82
360,24,Male,6,6,7,72
361,23,Female,4,8,6,71
362,20,Female,0,5,8,90
363,16,Male,4,4,4,38
364,22,Female,0,8,5,100
365,20,Female,5,3,7,41
366,21,Male,4,1,5,29
367,22,Female,7,5,6,39
368,18,Male,1,8,8,100
369,18,Male,4,1,7,51
370,20,Male,1,6,8,95
371,21,Male,4,6,7,65
372,24,Female,5,9,7,83
373,20,Male,5,3,6,46
374,16,Female,6,3,4,30
375,19,Male,6,4,6,47
376,20,Other,0,4,5,70
377,20,Female,2,7,8,96
378,22,Female,5,6,5,65
379,19,Male,3,7,5,79
380,16,Male,1,8,7,100
381,20,Male,4,9,6,90
382,22,Female,3,4,4,60
383,21,Female,3,9,4,92
384,20,Male,6,2,8,35
385,19,Male,3,7,6,78
386,17,Female,0,5,4,82
387,19,Male,0,8,6,88
388,18,Female,6,5,5,48
389,16,Female,7,8,5,54
390,23,Female,5,9,8,90
391,20,Male,2,7,5,80
392,19,Male,7,7,4,53
393,23,Female,5,1,8,42
394,22,Female,6,2,7,37
395,17,Male,6,9,5,85
396,16,Male,3,7,6,89
397,19,Female,3,6,8,70
398,23,Female,1,4,5,63
399,17,Female,2,1,6,46
400,18,Other,6,4,6,47
401,16,Male,7,5,6,55
402,16,Male,5,2,7,38
403,18,Female,3,2,6,42
404,20,Female,0,5,4,61
405,18,Male,0,6,8,82
406,16,Male,2,3,4,57
407,16,Female,3,6,6,78
408,23,Male,4,9,6,90
409,17,Male,0,5,7,101
410,18,Female,7,8,6,77
411,17,Female,2,9,7,100
412,18,Female,6,1,4,24
413,22,Male,4,1,7,44
414,16,Female,1,5,8,82
415,23,Female,6,6,8,75
416,17,Female,5,4,6,51
417,18,Female,4,3,5,53
418,24,Male,4,6,4,64
419,22,Male,0,1,5,60
420,19,Male,5,9,6,88
421,20,Male,7,3,4,32
422,17,Female,0,9,8,100
423,23,Female,2,1,8,63
424,19,Female,7,3,4,18
425,24,Female,2,3,6,69
426,20,Male,5,9,7,112
427,24,Male,4,1,5,26
428,19,Male,4,6,6,60
429,20,Male,3,8,6,80
430,24,Male,2,7,4,76
431,23,Female,0,4,7,79
432,18,Other,5,9,8,87
433,16,Male,5,9,5,69
434,18,Male,5,4,6,58
435,19,Female,5,6,5,53
436,17,Male,1,9,8,100
437,16,Female,0,9,8,100
438,22,Female,6,5,4,40
439,23,Female,3,8,8,93
440,22,Male,2,3,4,54
441,20,Female,0,4,4,62
442,16,Male,0,2,7,66
443,22,Female,2,2,5,53
444,22,Male,6,6,6,57
445,24,Male,7,5,7,45
446,18,Female,7,3,4,22
447,24,Female,7,4,5,29
448,16,Female,7,4,6,36
449,16,Female,4,9,5,79
450,19,Female,1,8,4,87
451,24,Male,6,4,4,34
452,21,Female,1,9,8,100
453,18,Female,2,4,8,78
454,16,Female,1,7,4,84
455,19,Female,4,9,5,86
456,24,Male,2,4,7,72
457,18,Female,1,7,8,107
458,24,Male,3,3,5,54
459,22,Male,6,3,8,44
460,19,Female,4,6,6,68
461,18,Male,7,9,8,93
462,20,Female,1,5,4,70
463,20,Male,1,9,8,100
464,18,Male,4,9,6,77
465,24,Female,3,3,8,64
466,19,Female,5,4,6,55
467,20,Female,6,6,6,54
468,19,Female,6,5,8,70
469,20,Female,7,1,7,21
470,22,Male,3,9,7,100
471,24,Male,1,7,6,87
472,22,Male,4,4,7,68
473,20,Female,0,6,8,97
474,22,Female,2,1,4,42
475,20,Male,1,5,6,84
476,18,Female,3,9,8,100
477,22,Female,0,9,7,98
478,17,Male,0,4,8,78
479,24,Male,5,5,8,63
480,16,Female,4,7,7,67
481,21,Female,5,4,7,47
482,22,Female,5,1,8,53
483,23,Male,0,5,8,98
484,24,Other,2,6,8,91
485,17,Male,1,1,4,66
486,17,Male,6,1,5,16
487,20,Other,5,2,6,39
488,20,Male,1,4,7,94
489,21,Female,2,5,5,68
490,18,Male,7,3,4,15
491,23,Female,4,3,5,53
492,16,Female,6,8,7,79
493,21,Male,2,2,8,69
494,19,Female,1,5,8,97
495,16,Male,6,9,5,84
496,22,Female,5,6,5,71
497,24,Male,5,7,6,82
498,19,Male,4,4,5,58
499,19,Male,4,1,7,44
500,21,Male,5,6,5,60
501,18,Female,2,6,4,81
502,21,Male,2,1,6,47
503,22,Male,6,5,5,43
504,18,Male,2,9,4,84
505,22,Male,4,2,6,41
506,18,Female,5,5,5,53
507,17,Other,8,5,6,40
508,19,Male,3,8,5,86
509,23,Female,3,8,7,86
510,24,Female,6,7,8,78
511,22,Male,6,4,6,35
512,16,Female,5,1,7,41
513,18,Female,3,4,8,88
514,24,Female,2,7,5,78
515,16,Female,4,7,4,71
516,24,Male,7,9,5,75
517,23,Female,7,5,6,33
518,16,Female,0,6,7,80
519,21,Female,3,5,4,64
520,20,Female,3,2,8,63
521,21,Male,7,5,4,31
522,20,Other,5,5,8,80
523,21,Female,3,9,8,100
524,20,Male,0,4,8,79
525,20,Male,4,9,8,96
526,19,Female,0,5,4,69
527,18,Male,6,3,7,40
528,18,Male,6,2,5,29
529,19,Male,3,2,8,67
530,24,Male,3,5,5,53
531,17,Male,7,1,5,11
532,24,Male,2,5,8,79
533,16,Male,1,9,4,100
534,16,Female,7,7,4,55
535,20,Female,6,7,6,71
536,21,Male,6,2,7,39
537,21,Male,1,5,7,85
538,18,Female,1,3,7,83
539,22,Male,0,9,8,100
540,24,Male,1,2,4,67
541,23,Male,6,5,6,48
542,21,Female,1,6,7,89
543,23,Female,5,5,7,64
544,20,Female,2,8,6,84
545,23,Female,3,3,4,52
546,19,Female,7,4,4,27
547,23,Male,1,8,4,100
548,17,Female,3,5,5,64
549,20,Male,2,4,4,69
550,24,Female,0,1,6,49
551,19,Female,3,7,4,87
552,21,Female,3,9,7,97
553,16,Male,5,6,8,60
554,24,Male,6,8,5,83
555,16,Female,4,5,6,64
556,20,Female,0,3,8,72
557,19,Female,4,1,6,37
558,18,Male,0,6,8,94
559,21,Female,4,5,4,55
560,17,Female,5,8,8,95
561,18,Female,1,7,6,97
562,20,Female,6,9,4,59
563,24,Female,7,5,8,56
564,17,Female,6,4,8,57
565,23,Female,2,3,5,53
566,17,Other,4,5,8,80
567,20,Male,7,8,4,69
568,22,Male,2,1,7,63
569,23,Female,6,9,4,67
570,16,Female,0,9,5,95
571,21,Female,0,6,7,93
572,16,Female,6,3,5,45
573,17,Male,6,3,4,29
574,16,Female,6,3,6,41
575,20,Female,7,1,5,23
576,24,Male,0,5,7,80
577,21,Male,1,1,4,43
578,16,Female,7,7,8,75
579,16,Male,1,4,5,65
580,17,Female,5,2,5,47
581,24,Male,4,5,5,66
582,18,Female,0,9,7,100
583,16,Female,2,7,4,70
584,20,Female,4,5,6,68
585,22,Male,6,7,5,54
586,21,Female,5,7,8,80
587,16,Male,4,9,4,72
588,20,Male,3,2,8,61
589,20,Other,2,8,4,93
590,21,Female,0,3,4,59
591,18,Female,3,9,5,100
592,20,Male,0,3,4,63
593,22,Male,1,9,6,100
594,20,Male,3,9,8,100
595,20,Female,3,2,4,38
596,20,Female,0,9,6,97
597,18,Female,4,1,5,39
598,16,Female,4,2,5,50
599,20,Male,0,5,5,87
600,24,Male,7,9,8,92
601,16,Male,0,5,4,82
602,18,Male,6,5,7,50
603,19,Male,0,7,5,97
604,16,Female,7,9,5,72
605,16,Male,0,8,6,99
606,23,Female,6,3,5,27
607,17,Male,2,3,4,66
608,23,Other,5,1,4,32
609,22,Female,3,6,5,72
610,17,Female,0,2,8,75
611,21,Male,6,3,4,43
612,21,Female,0,8,7,100
613,18,Female,7,3,5,24
614,17,Male,0,6,8,100
615,16,Male,3,4,6,57
616,21,Male,5,1,4,23
617,20,Female,3,4,8,57
618,24,Female,1,4,4,63
619,16,Female,6,9,6,84
620,22,Male,6,3,6,43
621,20,Male,7,4,5,33
622,20,Female,3,8,8,100
623,17,Male,4,7,8,95
624,18,Female,2,8,8,100
625,22,Female,2,9,8,100
626,21,Male,6,8,6,84
627,17,Female,2,4,4,67
628,21,Male,3,8,7,97
629,17,Female,3,5,5,70
630,17,Male,5,3,4,34
631,17,Female,7,3,6,33
632,18,Male,5,3,8,53
633,17,Male,3,2,4,42
634,19,Female,6,2,8,43
635,24,Male,5,1,6,35
636,21,Female,0,9,4,94
637,16,Male,0,9,8,100
638,23,Female,0,6,8,100
639,22,Male,3,8,5,85
640,18,Female,6,2,5,29
641,16,Male,2,9,5,94
642,20,Male,3,5,8,75
643,19,Male,7,1,4,6
644,23,Female,6,2,5,18
645,16,Male,5,3,7,60
646,16,Female,2,1,6,47
647,19,Female,0,3,5,77
648,23,Male,0,1,8,55
649,20,Female,0,3,8,71
650,17,Male,2,3,8,61
651,21,Male,4,9,5,86
652,20,Female,0,3,8,76
653,17,Female,1,3,7,81
654,18,Female,1,7,4,80
655,24,Male,5,8,7,101
656,22,Male,4,4,4,51
657,22,Male,4,8,7,89
658,21,Female,2,4,7,80
659,23,Female,2,2,7,53
660,19,Female,0,3,4,62
661,23,Male,1,6,7,84
662,19,Male,7,4,4,28
663,23,Male,7,7,8,80
664,24,Male,5,3,7,43
665,18,Male,7,7,4,44
666,18,Female,5,4,4,46
667,17,Female,0,5,7,88
668,18,Female,7,6,6,49
669,18,Male,0,7,7,96
670,20,Male,5,3,5,24
671,20,Female,2,8,7,93
672,17,Male,3,7,4,76
673,21,Female,5,3,6,38
674,20,Female,3,9,8,100
675,21,Male,2,6,7,100
676,16,Female,2,5,4,70
677,20,Male,2,2,8,68
678,24,Female,7,5,4,35
679,17,Female,6,2,7,43
680,16,Male,3,4,6,71
681,24,Male,1,4,5,66
682,24,Female,6,7,4,62
683,24,Female,1,2,4,60
684,21,Male,1,8,8,100
685,23,Female,2,3,8,75
686,16,Male,7,5,6,63
687,19,Male,1,7,4,100
688,16,Male,0,6,8,98
689,23,Male,3,3,6,54
690,16,Male,2,4,6,59
691,18,Other,4,3,6,63
692,19,Male,3,6,5,74
693,23,Male,3,3,6,55
694,21,Male,0,7,7,90
695,22,Female,1,6,6,90
696,23,Female,6,2,8,36
697,17,Male,7,3,5,44
698,23,Male,1,2,6,62
699,18,Male,0,4,5,80
700,22,Male,0,5,7,95
701,18,Male,4,5,4,54
702,22,Male,5,7,4,76
703,17,Male,2,2,8,65
704,21,Female,5,9,4,90
705,18,Male,5,4,7,56
706,18,Female,7,3,8,40
707,24,Female,0,7,6,92
708,22,Female,1,8,4,97
709,20,Male,0,4,5,85
710,22,Male,6,7,8,70
711,24,Male,6,8,5,73
712,16,Female,4,7,7,83
713,22,Male,0,1,7,61
714,21,Female,2,8,6,91
715,24,Female,2,7,7,99
716,16,Male,4,7,5,65
717,19,Female,2,7,6,97
718,24,Male,0,9,7,109
719,19,Male,5,4,4,50
720,18,Male,2,1,5,42
721,24,Male,3,5,7,62
722,17,Female,1,1,7,65
723,19,Male,6,3,6,37
724,21,Male,4,6,7,74
725,17,Female,7,3,6,37
726,23,Female,3,7,8,73
727,23,Male,7,8,7,63
728,16,Female,7,4,5,41
729,18,Female,4,9,5,85
730,24,Male,7,1,7,28
731,20,Male,2,8,8,95
732,21,Male,2,8,4,86
733,19,Female,0,3,6,71
734,17,Female,4,3,4,44
735,23,Female,5,3,5,46
736,21,Female,6,8,7,73
737,20,Male,1,8,4,100
738,24,Male,3,3,7,63
739,16,Male,1,6,8,96
740,20,Female,5,2,8,48
741,21,Female,1,5,5,94
742,20,Male,7,9,7,84
743,21,Female,1,2,8,70
744,21,Male,2,9,4,88
745,22,Male,6,8,6,72
746,19,Male,3,9,8,99
747,23,Male,0,2,5,65
748,22,Male,3,2,8,57
749,24,Male,0,1,6,57
750,22,Male,7,7,4,45
751,18,Male,4,6,6,59
752,18,Female,2,2,5,52
753,23,Male,4,8,5,86
754,20,Other,0,3,6,69
755,19,Male,6,2,6,31
756,23,Male,7,4,6,51
757,21,Male,7,1,4,14
758,17,Male,2,3,8,70
759,19,Female,2,4,6,65
760,19,Male,0,8,8,100
761,21,Female,5,8,8,107
762,21,Female,4,4,5,67
763,16,Female,3,7,4,74
764,23,Female,7,6,8,61
765,21,Female,1,4,7,69
766,18,Male,0,7,4,91
767,24,Female,0,7,7,100
768,17,Male,1,6,4,91
769,23,Male,0,6,4,66
770,18,Male,4,7,6,80
771,20,Female,2,4,4,48
772,21,Female,1,8,8,100
773,21,Male,6,2,8,48
774,19,Female,1,8,7,100
775,18,Male,5,4,4,38
776,19,Male,2,2,5,39
777,16,Male,4,6,5,67
778,19,Male,7,4,6,26
779,16,Male,0,8,4,96
780,16,Female,4,4,6,59
781,21,Female,6,7,6,64
782,20,Male,4,3,8,76
783,19,Female,2,2,8,74
784,18,Female,3,4,6,74
785,16,Female,5,6,7,81
786,21,Female,7,6,4,44
787,17,Male,0,6,5,73
788,23,Female,0,9,8,109
789,20,Female,2,7,7,100
790,22,Male,1,9,4,100
791,17,Male,2,2,6,60
792,23,Female,1,1,8,64
793,17,Male,1,3,5,79
794,19,Other,1,2,4,62
795,16,Male,7,5,8,56
796,20,Female,1,5,6,90
797,24,Male,1,6,6,94
798,16,Female,1,7,5,88
799,24,Female,7,9,8,100
800,23,Male,6,8,8,89
801,21,Female,6,2,6,29
802,22,Male,0,4,4,57
803,18,Male,6,3,6,23
804,16,Male,3,2,4,27
805,20,Female,2,5,4,82
806,17,Male,4,5,5,64
807,20,Male,6,3,4,28
808,23,Male,6,7,8,93
809,24,Female,7,7,4,63
810,17,Female,7,1,6,20
811,18,Male,1,4,4,75
812,18,Male,3,9,7,84
813,16,Female,0,5,4,80
814,23,Male,7,4,6,38
815,21,Female,1,3,7,74
816,23,Female,6,3,8,35
817,24,Female,2,1,7,59
818,20,Male,2,8,4,83
819,18,Female,0,1,4,46
820,20,Female,2,3,7,60
821,20,Female,7,1,5,17
822,20,Male,0,8,6,90
823,18,Male,3,1,8,60
824,19,Male,0,3,8,70
825,24,Female,2,6,8,87
826,24,Female,1,4,8,90
827,17,Male,2,3,7,64
828,23,Male,7,3,7,53
829,23,Male,3,8,5,95
830,22,Female,2,9,8,100
831,23,Female,4,4,5,53
832,18,Male,1,1,6,66
833,21,Male,2,1,5,39
834,16,Male,4,7,4,65
835,22,Female,1,5,6,72
836,16,Female,5,8,5,91
837,24,Female,3,7,6,89
838,16,Male,6,9,6,79
839,16,Female,7,8,6,77
840,22,Male,0,8,4,88
841,17,Female,2,5,6,68
842,20,Male,2,3,8,69
843,23,Female,1,5,5,78
844,23,Female,6,5,6,46
845,18,Female,6,6,6,69
846,22,Female,3,2,8,55
847,18,Male,4,6,7,84
848,21,Male,0,5,4,78
849,21,Female,4,6,8,70
850,18,Male,6,3,8,43
851,22,Male,4,4,7,66
852,18,Male,2,2,6,57
853,23,Female,5,8,7,111
854,19,Male,2,5,6,70
855,16,Male,4,3,7,65
856,19,Male,3,1,8,50
857,22,Male,3,7,8,76
858,19,Female,5,2,6,33
859,21,Other,7,9,8,85
860,24,Female,0,5,4,69
861,16,Male,7,3,4,27
862,20,Female,4,6,6,76
863,22,Female,5,3,7,45
864,16,Male,6,8,4,57
865,19,Female,3,3,6,58
866,21,Female,6,9,4,76
867,17,Female,1,6,7,104
868,20,Female,1,8,8,100
869,16,Male,5,1,7,41
870,21,Male,6,4,5,28
871,21,Female,7,7,8,75
872,19,Male,5,6,7,70
873,23,Male,4,2,8,49
874,19,Female,2,4,7,79
875,23,Female,7,3,8,33
876,23,Male,2,6,8,87
877,20,Female,5,4,6,57
878,19,Female,4,3,5,80
879,17,Female,4,2,7,51
880,18,Male,3,4,6,73
881,18,Male,7,2,7,28
882,19,Male,4,9,5,91
883,19,Male,7,2,6,23
884,20,Male,0,9,6,100
885,19,Male,4,4,8,75
886,23,Male,5,4,7,56
887,21,Female,5,3,4,35
888,21,Male,7,6,5,48
889,23,Female,0,7,4,79
890,22,Female,0,5,4,62
891,23,Male,3,1,5,41
892,17,Female,0,9,8,100
893,24,Female,7,9,8,76
894,16,Male,1,4,5,72
895,23,Female,3,6,6,69
896,19,Male,0,5,7,79
897,19,Female,4,3,8,56
898,20,Male,3,1,8,47
899,23,Female,0,5,4,75
900,20,Male,2,8,5,89
901,23,Female,3,1,4,31
902,16,Male,7,6,7,51
903,24,Female,1,8,7,100
904,21,Female,4,2,5,42
905,18,Male,7,2,8,22
906,23,Female,6,7,6,73
907,24,Male,7,3,8,31
908,21,Female,7,2,4,23
909,22,Female,3,4,4,53
910,16,Female,5,4,5,55
911,20,Female,0,8,4,100
912,20,Male,3,6,7,74
913,19,Male,6,4,4,24
914,21,Male,4,5,7,71
915,22,Female,5,9,4,83
916,24,Male,5,2,5,32
917,16,Female,2,2,8,82
918,21,Female,7,9,8,91
919,22,Male,3,9,6,99
920,18,Female,1,2,8,81
921,23,Male,6,2,7,23
922,20,Male,3,4,6,62
923,24,Female,6,1,8,39
924,20,Male,4,6,5,70
925,24,Male,3,1,5,58
926,19,Female,6,1,7,38
927,24,Male,4,5,5,74
928,20,Other,3,9,4,84
929,24,Other,0,4,4,79
930,18,Male,7,4,7,54
931,19,Male,0,9,7,100
932,24,Female,6,5,6,49
933,21,Male,2,4,8,75
934,17,Male,5,4,6,57
935,22,Female,7,2,7,29
936,17,Male,1,5,8,100
937,17,Female,4,4,8,70
938,16,Male,6,3,6,42
939,18,Male,6,2,7,38
940,21,Male,4,3,6,49
941,23,Other,5,5,7,73
942,24,Female,6,1,5,19
943,22,Female,6,2,6,23
944,19,Male,6,9,5,80
945,21,Male,2,5,4,75
946,20,Male,7,1,6,14
947,23,Female,3,7,8,103
948,16,Female,0,1,4,58
949,16,Female,2,7,4,76
950,21,Male,1,7,6,100
951,17,Female,0,6,7,88
952,20,Male,2,7,4,84
953,16,Other,0,1,4,68
954,22,Male,5,7,6,99
955,16,Female,0,2,8,73
956,19,Male,1,4,4,59
957,24,Male,0,9,5,99
958,16,Female,0,5,7,88
959,19,Male,2,9,4,100
960,21,Male,4,1,5,37
961,21,Female,7,5,6,43
962,23,Female,7,1,8,51
963,16,Female,7,6,5,58
964,22,Male,1,1,6,73
965,16,Female,2,2,6,67
966,22,Female,0,3,8,84
967,18,Male,6,7,4,61
968,23,Female,0,2,6,88
969,18,Male,4,8,8,97
970,16,Male,1,2,8,72
971,23,Male,1,1,7,71
972,18,Male,7,4,5,32
973,17,Female,6,9,6,102
974,16,Female,6,1,5,18
975,18,Female,4,1,7,47
976,17,Female,6,7,7,69
977,17,Male,5,3,8,49
978,21,Female,7,7,6,54
979,16,Female,2,2,7,62
980,17,Male,4,5,8,63
981,21,Female,5,3,8,52
982,18,Other,3,5,7,82
983,19,Female,7,7,7,62
984,16,Female,7,7,6,56
985,23,Male,3,5,4,53
986,22,Male,3,9,4,77
987,22,Male,3,3,6,64
988,18,Female,6,3,4,47
989,18,Female,5,6,6,75
990,17,Other,0,6,7,93
991,16,Male,4,1,6,44
992,22,Male,0,6,4,82
993,22,Female,6,4,4,38
994,17,Female,2,7,4,81
995,22,Male,3,8,4,77
996,23,Female,6,5,8,51
997,16,Female,0,1,5,54
998,24,Female,1,6,5,93
999,22,Female,3,7,4,86
1000,18,Male,1,3,7,70
1001,23,Other,2,5,7,77
1002,22,Female,7,9,4,78
1003,23,Male,6,3,8,49
1004,21,Male,7,3,8,41
1005,24,Female,7,2,5,30
1006,20,Male,2,6,6,83
1007,18,Male,2,9,6,95
1008,18,Female,1,6,5,88
1009,16,Male,6,3,8,56
1010,23,Female,5,6,4,49
1011,17,Male,1,6,6,82
1012,18,Female,3,6,6,79
1013,23,Male,4,2,6,62
1014,23,Male,4,6,8,72
1015,19,Male,7,4,5,30
1016,19,Female,3,1,4,39
1017,20,Female,7,5,7,47
1018,21,Male,3,9,4,88
1019,20,Female,5,4,4,39
1020,22,Female,7,9,6,71
1021,17,Other,7,1,5,16
1022,22,Male,0,7,5,98
1023,22,Female,1,2,5,61
1024,16,Male,3,3,4,52
1025,22,Male,3,6,6,79
1026,20,Other,5,6,4,47
1027,18,Female,7,7,8,72
1028,18,Male,0,6,5,88
1029,19,Male,3,6,7,76
1030,17,Female,1,9,8,100
1031,17,Female,7,5,5,38
1032,16,Male,7,3,7,23
1033,20,Female,3,2,8,46
1034,19,Male,0,4,5,74
1035,17,Male,6,7,8,89
1036,18,Female,5,1,4,37
1037,22,Male,2,2,5,52
1038,22,Male,7,1,7,24
1039,19,Female,7,6,4,32
1040,20,Female,4,3,7,49
1041,20,Male,4,2,8,46
1042,21,Female,2,6,8,89
1043,24,Female,4,7,6,75
1044,17,Male,3,3,8,64
1045,20,Female,2,6,6,75
1046,18,Male,0,1,5,54
1047,19,Male,2,9,6,99
1048,21,Female,1,4,7,78
1049,23,Other,4,9,6,88
1050,16,Male,4,9,6,91
1051,23,Male,4,8,6,73
1052,22,Female,3,1,6,41
1053,16,Male,3,5,8,86
1054,17,Male,6,1,6,41
1055,18,Male,3,9,5,85
1056,16,Female,7,8,7,59
1057,24,Male,3,9,5,87
1058,23,Male,5,6,8,63
1059,17,Female,0,5,4,67
1060,24,Female,5,5,5,66
1061,22,Female,6,4,4,37
1062,24,Male,7,5,4,34
1063,21,Female,7,6,7,60
1064,21,Male,2,9,5,100
1065,19,Male,4,6,8,70
1066,17,Female,3,8,6,80
1067,22,Male,4,8,5,86
1068,20,Male,1,5,7,76
1069,21,Male,6,4,7,37
1070,17,Male,7,6,8,51
1071,20,Male,3,5,7,74
1072,19,Other,2,1,4,41
1073,24,Male,1,4,7,84
1074,21,Male,5,9,5,99
1075,17,Male,2,1,6,67
1076,16,Female,7,7,8,74
1077,20,Female,5,8,5,89
1078,24,Male,5,6,7,68
1079,21,Female,4,6,5,69
1080,22,Male,0,7,4,81
1081,20,Male,7,4,6,41
1082,21,Male,5,1,6,48
1083,20,Male,7,9,6,84
1084,24,Male,4,4,5,58
1085,21,Female,5,6,8,64
1086,23,Male,0,5,4,67
1087,17,Female,5,1,5,35
1088,24,Male,6,9,8,86
1089,20,Male,6,8,8,87
1090,22,Male,6,2,6,33
1091,16,Female,1,9,8,107
1092,20,Male,7,7,4,60
1093,17,Female,7,5,5,42
1094,21,Male,0,6,8,93
1095,16,Male,7,1,8,22
1096,18,Male,2,6,5,81
1097,20,Male,5,1,4,33
1098,19,Male,2,5,4,61
1099,18,Male,7,5,5,40
1100,20,Female,0,8,7,106
1101,23,Male,3,7,6,92
1102,19,Female,3,3,6,50
1103,16,Male,2,9,6,108
1104,22,Female,5,6,8,76
1105,23,Female,1,6,4,79
1106,18,Male,5,2,7,40
1107,21,Male,7,8,8,94
1108,17,Female,6,9,5,75
1109,22,Female,6,7,8,75
1110,23,Male,2,9,7,100
1111,21,Male,2,3,4,58
1112,21,Female,4,8,5,85
1113,20,Male,0,5,7,85
1114,23,Female,7,2,6,24
1115,16,Male,1,7,6,95
1116,19,Male,7,7,5,58
1117,19,Female,0,3,7,78
1118,18,Female,6,1,5,29
1119,18,Male,1,2,5,68
1120,19,Male,0,4,5,74
1121,16,Female,5,2,7,27
1122,17,Female,2,2,4,56
1123,24,Male,5,4,5,43
1124,17,Female,4,9,5,83
1125,20,Female,0,7,4,91
1126,24,Female,7,3,5,25
1127,24,Female,3,9,7,100
1128,23,Male,5,6,7,71
1129,16,Female,4,5,7,72
1130,16,Female,4,5,6,59
1131,24,Male,2,4,4,66
1132,23,Male,1,3,8,86
1133,24,Male,4,4,4,52
1134,22,Female,3,5,7,78
1135,18,Male,3,5,8,66
1136,18,Female,5,7,7,80
1137,17,Female,5,4,5,44
1138,20,Female,0,7,5,82
1139,18,Female,2,6,4,78
1140,21,Other,3,9,7,100
1141,17,Male,0,4,7,77
1142,18,Female,1,9,7,100
1143,20,Male,0,8,4,95
1144,16,Female,7,6,8,51
1145,16,Male,5,6,7,70
1146,24,Other,0,1,4,47
1147,22,Female,0,9,5,100
1148,16,Female,5,1,7,43
1149,23,Male,3,6,6,71
1150,18,Male,6,3,4,36
1151,23,Female,7,4,4,30
1152,20,Male,4,6,7,72
1153,16,Female,1,9,4,100
1154,22,Male,6,5,4,39
1155,20,Female,7,9,8,81
1156,21,Male,4,6,7,81
1157,21,Female,5,2,7,35
1158,23,Female,2,2,6,55
1159,24,Male,3,7,6,91
1160,17,Male,5,1,7,24
1161,24,Male,7,5,8,47
1162,24,Female,5,2,5,44
1163,22,Female,6,4,5,43
1164,16,Female,1,7,4,95
1165,22,Female,1,5,7,85
1166,20,Male,4,2,6,52
1167,21,Male,1,3,4,62
1168,22,Male,5,4,5,44
1169,20,Male,2,1,4,47
1170,22,Other,6,6,5,57
1171,24,Female,6,6,8,59
1172,18,Male,3,1,7,42
1173,23,Female,1,4,4,67
1174,17,Female,5,4,5,53
1175,22,Male,7,4,4,23
1176,17,Male,4,6,7,69
1177,19,Male,0,4,6,77
1178,22,Female,0,4,8,87
1179,18,Other,2,8,7,100
1180,17,Female,1,2,6,60
1181,22,Male,6,6,8,59
1182,16,Male,6,5,7,51
1183,23,Female,2,3,5,60
1184,18,Female,2,7,6,78
1185,17,Female,1,5,6,88
1186,18,Female,7,5,6,46
1187,20,Male,4,7,4,73
1188,23,Female,5,8,5,81
1189,22,Female,3,9,5,94
1190,22,Male,5,6,4,48
1191,22,Female,3,8,8,100
1192,23,Male,2,1,7,48
1193,16,Male,5,5,7,60
1194,19,Male,4,2,6,68
1195,21,Male,2,1,7,57
1196,24,Male,1,5,8,93
1197,17,Male,2,7,5,92
1198,16,Female,3,4,7,69
1199,17,Male,5,7,5,88
1200,22,Male,7,5,8,53
1201,18,Male,0,4,8,90
1202,17,Female,1,3,8,85
1203,22,Male,1,4,4,59
1204,17,Male,4,4,5,58
1205,18,Female,3,6,4,64
1206,22,Female,5,2,6,34
1207,19,Female,1,1,6,59
1208,16,Female,4,6,5,58
1209,20,Male,7,5,7,67
1210,24,Female,7,4,5,40
1211,23,Male,7,2,8,30
1212,24,Male,6,4,4,54
1213,24,Male,7,8,5,63
1214,22,Female,1,9,7,100
1215,19,Male,1,7,7,100
1216,20,Female,0,1,4,68
1217,16,Female,5,7,8,87
1218,16,Male,7,3,6,22
1219,18,Female,1,3,8,71
1220,23,Female,5,2,8,61
1221,17,Female,5,7,6,81
1222,19,Male,7,6,8,67
1223,17,Female,5,6,8,70
1224,20,Male,7,7,8,62
1225,24,Female,2,3,8,59
1226,16,Female,2,5,8,76
1227,20,Male,4,6,6,74
1228,24,Female,3,6,5,86
1229,16,Female,0,8,8,100
1230,24,Female,5,3,7,45
1231,23,Male,6,7,5,84
1232,19,Male,5,4,5,54
1233,20,Other,2,7,7,82
1234,20,Female,4,5,6,62
1235,21,Female,2,9,4,90
1236,22,Male,0,2,4,63
1237,23,Male,4,7,7,75
1238,23,Female,0,6,5,82
1239,17,Female,0,2,6,64
1240,24,Male,6,1,7,29
1241,22,Female,0,8,7,100
1242,19,Female,7,2,4,22
1243,19,Male,4,2,4,48
1244,23,Male,7,9,6,84
1245,19,Male,0,7,7,100
1246,21,Female,4,3,4,39
1247,20,Male,2,6,5,76
1248,18,Male,6,5,8,50
1249,17,Female,2,8,8,100
1250,24,Male,2,7,6,83
1251,24,Male,6,8,4,71
1252,16,Male,3,2,5,61
1253,18,Female,0,6,5,98
1254,23,Female,3,1,5,49
1255,21,Male,5,1,6,36
1256,20,Female,2,7,6,94
1257,20,Female,3,1,4,53
1258,21,Male,0,6,8,93
1259,22,Male,4,8,7,85
1260,16,Male,6,4,6,50
1261,24,Male,3,1,8,44
1262,18,Female,3,7,7,83
1263,19,Female,0,9,8,100
1264,16,Male,1,7,5,84
1265,18,Male,1,6,5,77
1266,17,Male,3,3,6,57
1267,17,Female,4,1,6,40
1268,16,Male,7,7,5,53
1269,23,Female,0,3,7,68
1270,18,Male,4,8,4,77
1271,18,Female,4,5,7,69
1272,21,Female,4,5,6,67
1273,23,Male,6,7,7,68
1274,24,Female,1,8,6,100
1275,24,Other,0,6,8,95
1276,19,Male,5,9,5,75
1277,20,Female,2,9,8,100
1278,17,Male,0,9,4,86
1279,24,Female,2,8,7,95
1280,23,Male,2,7,6,79
1281,18,Female,4,6,8,81
1282,24,Female,1,1,7,71
1283,18,Female,3,3,8,67
1284,24,Female,3,1,4,32
1285,17,Female,3,2,8,67
1286,24,Male,7,4,5,28
1287,23,Female,0,2,4,55
1288,24,Female,7,9,5,76
1289,20,Female,4,8,6,84
1290,17,Female,6,1,7,27
1291,23,Female,3,3,5,56
1292,21,Female,3,8,4,81
1293,23,Male,7,8,7,75
1294,20,Male,7,9,8,94
1295,17,Male,1,9,7,108
1296,21,Male,1,9,7,100
1297,20,Female,3,4,6,62
1298,20,Male,7,3,7,35
1299,16,Male,2,7,8,98
1300,17,Other,5,3,6,54
1301,23,Male,5,8,6,91
1302,18,Male,6,5,8,63
1303,18,Male,4,8,8,97
1304,23,Male,3,3,4,57
1305,23,Female,7,5,6,43
1306,17,Female,4,6,7,67
1307,23,Female,5,9,6,93
1308,16,Male,2,3,6,55
1309,21,Female,5,9,7,89
1310,23,Male,2,8,5,89
1311,18,Male,1,7,5,92
1312,23,Male,5,8,8,98
1313,16,Male,4,6,7,68
1314,24,Male,5,3,8,51
1315,24,Male,2,2,8,66
1316,20,Other,4,8,7,75
1317,19,Male,3,7,8,90
1318,21,Male,4,2,5,36
1319,22,Male,2,6,7,77
1320,20,Female,5,5,6,49
1321,24,Male,6,2,7,43
1322,18,Female,2,5,4,68
1323,22,Other,2,3,5,61
1324,20,Male,5,1,5,26
1325,22,Male,5,5,7,50
1326,17,Male,5,6,8,70
1327,19,Female,5,1,8,49
1328,17,Male,3,4,5,56
1329,22,Male,3,3,5,47
1330,17,Male,2,1,4,53
1331,16,Female,1,2,5,73
1332,24,Male,5,2,8,49
1333,16,Male,0,2,8,71
1334,23,Female,7,8,5,61
1335,17,Female,6,4,5,36
1336,23,Female,6,2,5,21
1337,18,Male,7,1,5,23
1338,21,Female,3,3,8,69
1339,18,Female,6,8,7,74
1340,22,Male,1,4,7,90
1341,24,Female,0,2,6,59
1342,17,Male,6,4,5,36
1343,20,Female,0,6,5,85
1344,21,Male,7,1,4,0
1345,19,Female,5,6,7,83
1346,19,Male,6,4,8,46
1347,19,Female,1,1,7,60
1348,17,Male,5,7,4,71
1349,19,Other,0,7,7,100
1350,16,Female,6,6,4,45
1351,21,Male,1,4,4,69
1352,16,Female,5,5,6,61
1353,21,Other,1,4,6,88
1354,16,Male,0,7,8,100
1355,21,Male,3,6,7,80
1356,23,Female,1,1,4,64
1357,17,Male,5,6,5,61
1358,17,Male,1,7,5,91
1359,19,Male,2,4,4,65
1360,18,Male,4,8,5,85
1361,19,Male,2,8,7,100
1362,22,Male,3,2,5,43
1363,16,Female,6,9,8,96
1364,21,Female,1,4,6,87
1365,18,Male,0,7,5,91
1366,22,Female,2,8,6,96
1367,17,Female,3,5,7,83
1368,17,Female,4,4,6,66
1369,19,Male,2,9,4,86
1370,16,Male,6,3,8,41
1371,18,Female,0,3,4,62
1372,24,Female,3,4,8,68
1373,22,Female,3,8,4,90
1374,22,Female,5,9,7,105
1375,19,Male,7,2,6,11
1376,17,Female,4,8,6,82
1377,19,Male,7,3,4,34
1378,21,Male,2,9,5,92
1379,18,Female,0,6,7,90
1380,16,Male,1,1,8,73
1381,23,Male,3,1,6,47
1382,20,Female,2,2,5,55
1383,20,Male,0,2,4,55
1384,19,Other,3,7,7,96
1385,21,Other,2,3,5,61
1386,18,Female,0,9,4,100
1387,24,Male,2,6,7,88
1388,20,Male,7,7,6,72
1389,18,Male,2,2,4,57
1390,16,Male,5,9,4,68
1391,21,Male,4,7,7,58
1392,17,Other,3,8,4,85
1393,18,Male,1,9,8,100
1394,16,Female,2,2,5,62
1395,24,Male,4,1,4,32
1396,23,Female,2,8,7,100
1397,17,Female,1,8,6,100
1398,23,Male,0,6,5,75
1399,24,Male,7,4,6,43
1400,16,Female,3,6,4,64
1401,20,Female,5,3,7,55
1402,23,Female,3,3,5,54
1403,17,Male,6,5,7,49
1404,19,Male,4,2,7,56
1405,22,Female,3,5,7,69
1406,18,Female,7,9,7,77
1407,20,Male,5,8,7,77
1408,23,Female,0,9,6,100
1409,18,Male,1,8,5,100
1410,19,Male,6,4,4,46
1411,24,Male,6,8,7,87
1412,22,Male,4,9,7,85
1413,16,Female,4,9,5,82
1414,19,Male,5,7,8,88
1415,19,Male,3,2,6,56
1416,24,Female,5,1,6,35
1417,21,Female,0,2,4,46
1418,24,Female,7,9,5,80
1419,21,Female,6,5,7,53
1420,21,Male,5,8,4,73
1421,20,Female,2,5,6,67
1422,20,Female,1,6,8,100
1423,17,Female,3,1,7,55
1424,23,Male,5,3,6,45
1425,23,Male,5,4,6,50
1426,16,Female,3,6,4,62
1427,23,Male,4,2,8,65
1428,20,Female,6,7,8,79
1429,17,Female,0,4,7,79
1430,17,Female,3,8,4,75
1431,21,Female,6,1,5,13
1432,24,Female,4,7,4,71
1433,16,Male,5,3,6,51
1434,21,Female,4,8,5,67
1435,24,Female,7,4,7,31
1436,23,Male,0,6,6,100
1437,21,Male,3,9,4,91
1438,18,Male,0,1,7,52
1439,23,Female,1,1,4,57
1440,24,Male,3,7,8,93
1441,16,Female,1,6,5,90
1442,24,Male,7,3,5,20
1443,21,Male,7,5,4,30
1444,21,Female,2,1,8,66
1445,19,Male,5,2,7,35
1446,16,Female,4,4,6,61
1447,23,Female,6,8,4,68
1448,17,Female,5,5,7,50
1449,16,Male,0,6,5,78
1450,17,Female,6,8,8,90
1451,16,Female,5,3,8,41
1452,16,Female,4,7,7,80
1453,24,Female,7,8,8,85
1454,16,Female,7,2,4,24
1455,19,Female,4,4,5,53
1456,21,Female,4,9,5,80
1457,22,Male,7,9,4,55
1458,17,Male,2,3,8,62
1459,21,Male,2,1,4,36
1460,22,Male,1,3,8,83
1461,17,Male,7,4,7,36
1462,17,Male,5,4,5,49
1463,22,Female,0,6,4,89
1464,16,Male,7,9,4,52
1465,23,Female,5,3,5,35
1466,18,Male,6,8,6,77
1467,21,Male,0,1,6,62
1468,24,Male,4,1,6,39
1469,21,Male,5,5,7,59
1470,24,Female,4,1,5,43
1471,22,Female,5,4,4,48
1472,24,Male,6,9,8,89
1473,17,Male,2,3,5,48
1474,23,Male,6,7,5,59
1475,23,Female,1,3,7,97
1476,17,Female,2,1,8,55
1477,19,Female,0,6,8,98
1478,22,Female,2,8,4,91
1479,19,Female,3,4,6,55
1480,19,Male,6,6,4,56
1481,21,Male,5,9,8,93
1482,21,Female,3,8,5,74
1483,18,Female,5,2,4,37
1484,24,Female,0,7,8,97
1485,17,Female,1,5,8,92
1486,21,Male,5,7,7,80
1487,22,Female,5,5,4,47
1488,24,Female,6,2,6,25
1489,18,Male,3,6,8,77
1490,18,Female,5,5,6,54
1491,22,Female,5,5,4,50
1492,19,Male,7,8,4,56
1493,23,Male,1,9,8,100
1494,22,Male,4,5,6,61
1495,20,Female,4,5,7,55
1496,22,Male,7,5,5,31
1497,18,Female,1,5,6,85
1498,17,Female,4,9,8,95
1499,21,Male,2,6,5,66
1500,17,Female,4,3,7,47
1501,18,Other,1,5,4,80
1502,21,Male,0,6,4,80
1503,20,Male,4,6,7,78
1504,23,Female,2,6,8,82
1505,24,Female,1,2,7,66
1506,18,Male,2,1,4,38
1507,18,Male,0,4,5,73
1508,18,Male,7,4,8,49
1509,21,Other,4,1,5,30
1510,16,Male,6,8,8,84
1511,22,Female,3,4,5,53
1512,16,Female,7,9,8,83
1513,20,Male,3,2,8,62
1514,23,Female,4,1,4,36
1515,19,Male,3,5,7,67
1516,20,Female,5,2,4,59
1517,19,Male,4,9,5,89
1518,19,Female,2,1,6,59
1519,23,Female,1,4,6,88
1520,17,Male,4,9,5,65
1521,16,Male,3,4,6,60
1522,18,Male,0,1,4,54
1523,24,Male,3,3,4,53
1524,19,Female,4,5,6,65
1525,20,Female,6,2,6,29
1526,17,Male,0,5,7,79
1527,19,Female,2,8,7,84
1528,17,Female,6,8,8,95
1529,17,Female,5,1,6,31
1530,19,Male,2,2,4,43
1531,21,Male,6,3,7,39
1532,22,Male,3,6,7,87
1533,18,Female,3,4,6,64
1534,18,Male,7,8,7,79
1535,21,Male,7,7,5,47
1536,18,Male,2,1,4,54
1537,17,Female,1,6,7,86
1538,23,Male,2,2,5,60
1539,20,Male,0,3,6,77
1540,16,Male,0,2,6,63
1541,18,Male,3,2,6,48
1542,23,Female,7,6,6,42
1543,19,Male,6,6,4,37
1544,22,Male,4,2,8,64
1545,17,Female,4,9,7,97
1546,22,Male,0,4,6,79
1547,20,Male,1,1,4,63
1548,20,Female,0,2,4,44
1549,21,Male,6,6,7,64
1550,24,Male,1,9,5,100
1551,21,Male,6,6,5,41
1552,23,Female,5,9,5,87
1553,22,Female,1,5,6,77
1554,24,Female,1,4,7,86
1555,19,Female,5,5,7,60
1556,17,Male,7,7,8,72
1557,22,Male,5,4,5,37
1558,21,Female,2,8,7,100
1559,16,Female,4,1,4,37
1560,24,Male,2,4,6,79
1561,24,Female,7,5,6,46
1562,17,Male,5,6,5,56
1563,18,Male,4,3,5,53
1564,20,Male,3,4,8,81
1565,20,Male,4,5,4,53
1566,16,Female,2,7,6,81
1567,23,Female,0,7,8,106
1568,23,Male,3,7,6,83
1569,19,Male,7,4,7,47
1570,22,Female,5,10,8,107
1571,18,Male,0,8,5,95
1572,21,Female,7,3,5,22
1573,24,Male,2,2,7,60
1574,16,Female,1,3,7,72
1575,20,Male,2,5,4,66
1576,19,Male,4,8,5,89
1577,23,Male,4,8,5,77
1578,16,Male,3,8,8,89
1579,24,Male,5,3,6,41
1580,21,Female,2,6,8,81
1581,19,Male,6,3,8,55
1582,24,Male,1,1,7,81
1583,20,Female,6,7,7,79
1584,20,Female,5,2,5,38
1585,20,Other,5,7,4,63
1586,16,Female,3,6,6,74
1587,16,Male,5,8,5,86
1588,23,Female,0,2,5,53
1589,23,Female,6,8,7,82
1590,21,Female,0,9,6,100
1591,19,Male,1,8,7,100
1592,17,Male,4,7,5,69
1593,17,Male,5,6,4,48
1594,24,Female,0,4,6,77
1595,20,Female,7,7,8,70
1596,19,Female,7,7,8,82
1597,16,Male,4,6,5,56
1598,22,Female,3,8,5,83
1599,18,Female,5,5,8,51
1600,21,Male,2,2,4,41
1601,20,Female,3,6,5,59
1602,20,Male,7,3,5,26
1603,20,Female,7,4,6,23
1604,16,Female,7,1,6,10
1605,16,Female,2,4,4,53
1606,18,Female,1,8,7,92
1607,19,Female,2,5,4,76
1608,20,Female,3,1,7,47
1609,17,Male,2,5,6,71
1610,23,Female,2,3,6,60
1611,17,Male,4,5,4,51
1612,24,Male,6,4,7,58
1613,17,Female,5,9,6,95
1614,24,Female,6,1,6,13
1615,22,Male,0,7,6,93
1616,23,Male,0,8,7,100
1617,17,Male,6,9,4,77
1618,22,Male,4,2,4,45
1619,21,Male,4,5,5,57
1620,19,Female,0,1,7,53
1621,22,Male,2,5,6,89
1622,19,Male,5,2,7,34
1623,17,Male,6,8,7,70
1624,22,Other,7,2,8,31
1625,23,Male,4,5,5,65
1626,17,Male,4,5,5,54
1627,20,Male,6,9,8,90
1628,16,Female,4,6,5,60
1629,22,Female,4,3,6,69
1630,23,Male,7,3,4,21
1631,21,Male,6,2,8,28
1632,20,Male,7,7,6,56
1633,21,Female,1,7,5,88
1634,17,Female,4,6,7,77
1635,16,Male,6,1,5,23
1636,22,Male,0,7,8,100
1637,22,Male,6,6,5,55
1638,17,Male,1,9,7,100
1639,17,Female,6,6,5,57
1640,16,Male,4,3,8,53
1641,23,Male,1,4,8,84
1642,23,Male,3,2,7,52
1643,16,Female,5,7,8,85
1644,23,Female,5,7,4,75
1645,24,Male,3,2,8,66
1646,19,Male,7,2,7,21
1647,16,Male,4,1,8,62
1648,16,Female,4,9,7,99
1649,18,Male,0,3,5,64
1650,20,Female,7,4,7,36
1651,20,Female,1,3,4,74
1652,24,Female,4,4,7,71
1653,17,Male,6,7,6,71
1654,17,Female,1,8,4,94
1655,21,Female,4,2,8,59
1656,24,Male,1,7,8,100
1657,16,Male,6,4,8,54
1658,24,Male,4,9,7,87
1659,24,Male,6,3,7,39
1660,24,Male,7,1,7,17
1661,20,Female,5,5,4,64
1662,24,Male,5,2,8,44
1663,19,Female,4,1,8,42
1664,17,Male,3,7,7,97
1665,21,Other,5,7,8,80
1666,19,Male,7,5,6,63
1667,21,Female,3,7,6,88
1668,18,Male,2,5,8,84
1669,21,Male,3,6,6,69
1670,17,Female,3,6,7,79
1671,17,Male,0,6,5,87
1672,24,Female,3,2,7,55
1673,22,Female,3,3,7,63
1674,18,Male,4,4,7,53
1675,16,Female,2,5,6,74
1676,23,Female,4,7,5,69
1677,21,Male,7,4,7,39
1678,22,Female,7,2,8,29
1679,24,Female,4,3,4,42
1680,20,Male,0,2,4,44
1681,16,Male,7,7,4,61
1682,22,Female,5,5,8,76
1683,20,Male,2,7,7,97
1684,18,Male,1,4,8,91
1685,24,Male,1,9,6,100
1686,16,Female,1,9,6,105
1687,16,Male,0,7,7,97
1688,16,Male,7,8,4,67
1689,18,Female,4,5,5,63
1690,21,Male,5,9,6,88
1691,18,Female,6,8,5,78
1692,23,Other,6,9,5,74
1693,17,Female,7,6,4,40
1694,24,Female,7,8,4,52
1695,18,Male,3,5,5,67
1696,20,Female,7,3,7,26
1697,23,Male,5,4,4,45
1698,17,Male,0,9,5,109
1699,21,Male,5,1,4,25
1700,20,Male,5,6,6,59
1701,24,Female,7,4,7,37
1702,20,Male,2,4,8,66
1703,17,Female,4,8,8,88
1704,20,Female,0,8,5,99
1705,19,Female,2,6,4,68
1706,22,Male,0,3,4,69
1707,21,Female,4,5,8,76
1708,17,Male,6,4,7,45
1709,20,Male,1,4,4,66
1710,22,Other,4,1,4,43
1711,22,Male,1,5,6,80
1712,20,Male,0,3,5,65
1713,24,Female,4,6,8,85
1714,19,Male,0,3,6,64
1715,18,Female,4,4,7,62
1716,19,Male,0,1,6,60
1717,20,Male,0,9,5,100
1718,21,Male,4,5,6,57
1719,18,Male,4,1,7,35
1720,17,Male,0,5,5,75
1721,19,Female,4,8,6,83
1722,20,Female,6,7,8,83
1723,19,Female,5,7,4,70
1724,18,Male,1,2,6,76
1725,23,Female,4,6,5,65
1726,19,Female,5,7,7,81
1727,17,Female,0,6,4,73
1728,17,Male,6,9,7,81
1729,16,Female,7,3,4,22
1730,19,Female,6,3,4,11
1731,24,Male,6,8,7,88
1732,22,Female,5,6,7,56
1733,22,Male,5,1,8,42
1734,22,Female,5,4,6,48
1735,23,Female,6,8,6,83
1736,16,Female,5,1,7,49
1737,23,Male,2,1,5,41
1738,19,Male,3,3,4,46
1739,19,Female,7,9,5,68
1740,19,Male,0,9,5,97
1741,21,Male,5,5,5,53
1742,22,Female,7,5,8,56
1743,21,Female,5,3,8,53
1744,16,Male,7,3,8,42
1745,23,Male,5,8,8,97
1746,22,Male,0,1,6,59
1747,21,Female,6,5,5,40
1748,21,Female,2,6,6,82
1749,20,Female,3,1,8,57
1750,21,Female,2,5,6,69
1751,24,Female,2,6,6,74
1752,24,Female,3,7,4,74
1753,23,Male,3,3,6,49
1754,24,Female,5,3,5,63
1755,23,Male,6,6,5,49
1756,23,Female,2,9,8,100
1757,16,Female,1,2,4,57
1758,20,Male,5,9,8,103
1759,19,Female,5,7,4,78
1760,17,Male,7,8,8,71
1761,23,Female,0,1,6,52
1762,18,Male,6,3,7,28
1763,19,Female,4,1,4,38
1764,22,Male,4,4,7,58
1765,24,Male,0,9,8,100
1766,17,Male,3,1,4,40
1767,18,Male,1,6,4,79
1768,19,Male,2,1,5,42
1769,16,Female,4,7,4,78
1770,22,Male,6,2,4,29
1771,17,Male,5,2,7,34
1772,20,Male,4,4,5,33
1773,16,Female,4,7,7,82
1774,18,Female,3,1,8,52
1775,17,Female,7,3,7,20
1776,16,Female,4,1,4,45
1777,22,Male,2,9,6,100
1778,20,Male,1,6,5,87
1779,16,Male,4,7,5,63
1780,21,Female,4,6,5,77
1781,20,Other,0,2,8,65
1782,18,Female,6,6,7,49
1783,22,Male,5,2,4,30
1784,24,Male,5,4,6,48
1785,24,Male,0,6,5,87
1786,24,Female,2,6,8,91
1787,17,Male,7,2,8,31
1788,18,Female,6,1,5,26
1789,22,Male,2,8,5,82
1790,20,Female,1,7,7,100
1791,17,Female,3,1,6,48
1792,18,Female,2,2,5,48
1793,21,Female,5,9,7,85
1794,22,Female,7,7,5,50
1795,24,Female,2,9,7,100
1796,16,Female,0,3,5,57
1797,22,Female,7,5,7,42
1798,23,Other,0,3,7,73
1799,18,Female,7,6,6,47
1800,19,Female,5,2,7,45
1801,21,Female,7,2,6,17
1802,22,Male,1,1,4,51
1803,19,Male,0,7,4,78
1804,23,Female,3,5,5,66
1805,20,Female,3,6,4,76
1806,16,Female,2,8,7,95
1807,19,Male,7,7,5,56
1808,18,Female,6,5,4,37
1809,24,Female,5,9,8,108
1810,23,Male,1,5,7,87
1811,16,Female,5,2,6,30
1812,21,Female,5,9,5,84
1813,24,Male,3,1,4,30
1814,22,Female,7,5,6,39
1815,19,Female,1,3,8,78
1816,16,Male,2,5,4,62
1817,17,Male,0,6,6,100
1818,20,Other,6,3,8,52
1819,20,Male,4,6,7,73
1820,23,Male,2,7,6,79
1821,21,Male,1,3,7,90
1822,23,Female,0,4,8,79
1823,17,Female,1,3,6,84
1824,18,Female,3,8,8,100
1825,21,Male,1,7,6,93
1826,18,Female,2,8,8,100
1827,21,Male,7,2,8,48
1828,21,Male,4,1,6,40
1829,17,Male,5,2,7,41
1830,22,Male,0,2,7,60
1831,17,Female,2,5,7,81
1832,21,Female,3,9,8,94
1833,16,Male,1,4,4,61
1834,18,Female,0,9,7,107
1835,17,Female,6,1,7,24
1836,22,Female,7,9,7,76
1837,19,Male,0,2,7,72
1838,23,Female,2,9,4,81
1839,21,Male,7,1,6,13
1840,19,Female,0,9,8,100
1841,20,Male,5,2,8,61
1842,24,Female,7,3,5,22
1843,22,Male,7,5,6,50
1844,24,Male,3,4,8,70
1845,22,Female,1,7,7,91
1846,16,Female,1,9,7,100
1847,23,Female,7,6,4,37
1848,19,Female,7,7,7,54
1849,18,Male,4,1,7,42
1850,22,Female,6,6,7,64
1851,18,Male,5,5,7,56
1852,23,Male,5,8,6,80
1853,21,Female,6,4,8,52
1854,20,Female,5,7,7,81
1855,19,Female,4,3,6,59
1856,23,Female,1,3,8,84
1857,23,Female,5,4,8,60
1858,16,Male,3,3,8,55
1859,24,Male,2,3,6,75
1860,20,Female,6,1,6,22
1861,19,Male,5,8,5,80
1862,21,Male,7,1,5,18
1863,21,Male,1,8,6,100
1864,17,Female,5,2,6,37
1865,23,Male,1,1,5,55
1866,22,Female,7,6,8,49
1867,16,Female,0,5,6,78
1868,20,Male,5,5,6,68
1869,21,Female,6,6,6,57
1870,19,Female,2,3,4,44
1871,17,Female,7,6,8,54
1872,19,Female,6,5,5,47
1873,16,Male,2,4,7,67
1874,22,Female,0,8,7,107
1875,17,Male,2,7,6,86
1876,17,Female,2,4,6,72
1877,24,Female,7,8,4,64
1878,20,Female,7,9,5,69
1879,17,Male,0,5,6,92
1880,24,Male,3,2,7,63
1881,24,Male,4,9,6,97
1882,16,Male,0,2,5,66
1883,18,Male,3,1,4,48
1884,19,Female,2,3,7,64
1885,22,Male,4,7,6,77
1886,19,Other,5,9,4,75
1887,17,Male,5,6,7,62
1888,22,Female,1,9,5,100
1889,21,Female,6,1,6,45
1890,18,Female,5,1,5,37
1891,21,Female,7,6,8,55
1892,21,Male,3,9,5,97
1893,20,Female,7,5,6,50
1894,19,Male,6,1,8,42
1895,16,Male,3,2,5,55
1896,21,Female,3,3,7,64
1897,17,Female,7,4,5,38
1898,18,Female,5,1,4,26
1899,23,Male,7,9,7,85
1900,21,Male,6,5,8,65
1901,18,Male,4,7,6,64
1902,22,Male,0,1,7,66
1903,19,Male,2,1,7,61
1904,24,Male,7,6,6,31
1905,20,Male,2,8,7,95
1906,18,Female,0,5,5,71
1907,17,Male,5,8,5,90
1908,17,Female,5,8,6,69
1909,18,Male,2,1,8,62
1910,17,Female,2,2,5,63
1911,19,Female,3,6,7,95
1912,17,Male,0,4,5,73
1913,24,Female,6,3,5,41
1914,17,Male,2,4,7,70
1915,24,Female,6,5,7,54
1916,21,Male,6,9,6,78
1917,16,Other,5,1,5,46
1918,19,Male,2,3,8,62
1919,16,Male,4,5,4,61
1920,21,Female,3,7,7,86
1921,19,Male,2,6,7,91
1922,18,Female,6,9,7,77
1923,18,Male,3,8,8,97
1924,24,Female,6,6,7,61
1925,21,Male,0,2,5,56
1926,24,Female,1,5,5,84
1927,20,Female,7,7,5,56
1928,17,Male,4,8,4,66
1929,23,Male,4,9,8,100
1930,20,Male,4,6,4,63
1931,17,Other,1,5,7,93
1932,19,Male,5,1,7,30
1933,24,Male,0,1,8,65
1934,19,Male,4,2,6,54
1935,19,Male,4,1,7,32
1936,17,Female,7,4,5,35
1937,21,Female,4,4,7,70
1938,17,Female,1,6,5,96
1939,22,Female,4,5,8,74
1940,18,Female,0,6,4,77
1941,18,Male,1,5,5,79
1942,20,Male,0,3,6,69
1943,18,Female,4,9,7,100
1944,17,Female,0,1,7,69
1945,24,Female,3,9,5,90
1946,17,Male,7,3,4,27
1947,17,Male,5,5,5,53
1948,23,Male,0,1,6,67
1949,24,Female,1,1,6,58
1950,22,Female,5,4,6,59
1951,18,Female,7,7,7,77
1952,24,Male,0,3,6,60
1953,18,Female,6,6,8,60
1954,20,Male,4,3,5,47
1955,24,Male,4,4,7,58
1956,18,Female,7,9,7,65
1957,22,Male,5,8,5,72
1958,16,Male,6,5,6,46
1959,19,Female,2,3,5,64
1960,19,Female,4,2,4,35
1961,22,Male,4,9,6,82
1962,23,Female,2,2,5,61
1963,16,Male,4,8,4,70
1964,20,Female,1,4,6,74
1965,22,Female,1,9,6,100
1966,19,Female,2,4,4,50
1967,19,Female,5,4,4,28
1968,19,Male,7,6,7,55
1969,21,Male,3,9,7,97
1970,22,Male,5,9,8,96
1971,17,Male,0,7,4,82
1972,20,Female,7,7,4,62
1973,19,Male,4,6,4,54
1974,18,Male,6,7,6,83
1975,22,Male,6,8,7,84
1976,21,Other,2,5,6,74
1977,22,Male,4,6,7,93
1978,20,Female,7,5,7,42
1979,21,Male,0,6,8,109
1980,20,Male,5,9,4,101
1981,22,Female,7,4,4,10
1982,17,Female,2,2,5,58
1983,20,Female,6,5,4,34
1984,21,Female,7,2,8,46
1985,21,Male,5,5,5,50
1986,20,Male,1,9,6,100
1987,22,Female,2,6,5,68
1988,23,Male,0,8,5,100
1989,22,Female,6,2,4,28
1990,20,Female,6,9,5,81
1991,16,Male,5,6,7,62
1992,20,Female,2,1,8,54
1993,17,Male,0,6,6,96
1994,20,Male,6,9,6,83
1995,20,Male,5,1,4,30
1996,17,Female,7,6,8,55
1997,20,Male,5,9,4,62
1998,19,Female,6,1,8,39
1999,16,Female,5,6,6,62
2000,18,Female,5,5,4,39
2001,16,Female,3,4,6,65
2002,20,Male,7,6,8,59
2003,19,Male,5,1,5,39
2004,22,Male,3,7,5,82
2005,20,Female,0,1,4,39
2006,19,Other,2,3,6,73
2007,17,Female,4,5,4,62
2008,19,Female,2,4,7,82
2009,17,Female,1,3,8,78
2010,23,Male,4,8,8,98
2011,18,Female,1,9,4,96
2012,24,Female,6,8,6,86
2013,19,Male,3,5,4,44
2014,21,Other,4,8,6,89
2015,20,Male,1,9,8,100
2016,16,Female,2,4,6,65
2017,24,Female,3,3,8,73
2018,16,Female,6,1,8,27
2019,23,Male,6,5,5,59
2020,24,Female,1,9,7,100
2021,24,Female,4,6,4,59
2022,16,Male,1,7,5,84
2023,17,Female,7,2,5,7
2024,16,Female,7,2,8,22
2025,17,Female,4,5,6,64
2026,23,Male,5,9,7,93
2027,20,Female,6,4,7,47
2028,22,Female,5,8,7,87
2029,17,Male,5,2,7,45
2030,23,Male,7,6,5,46
2031,21,Other,4,6,7,71
2032,23,Female,5,8,6,94
2033,16,Female,6,1,6,19
2034,16,Male,5,2,4,34
2035,22,Male,5,2,5,39
2036,23,Male,1,9,8,100
2037,18,Male,2,2,5,54
2038,20,Female,1,1,6,64
2039,16,Female,4,5,4,66
2040,22,Female,3,5,4,75
2041,20,Male,7,8,5,55
2042,23,Female,4,9,6,93
2043,23,Male,6,5,8,62
2044,24,Male,2,9,5,98
2045,22,Female,6,7,5,67
2046,16,Female,4,3,6,44
2047,18,Female,5,9,5,81
2048,23,Male,2,7,8,90
2049,18,Female,4,4,5,57
2050,23,Female,5,7,6,61
2051,16,Female,4,4,6,51
2052,20,Male,7,2,7,40
2053,19,Other,7,7,6,76
2054,20,Female,7,8,5,54
2055,23,Female,5,7,4,81
2056,19,Male,7,3,8,29
2057,19,Male,6,9,8,84
2058,18,Male,2,1,4,40
2059,22,Male,3,3,8,68
2060,18,Female,1,3,6,64
2061,18,Male,0,1,6,58
2062,20,Male,1,4,4,65
2063,20,Male,0,6,7,91
2064,21,Male,5,8,4,86
2065,23,Male,3,9,7,100
2066,21,Female,2,8,4,87
2067,16,Female,6,5,7,60
2068,23,Male,6,7,4,59
2069,23,Male,7,8,5,68
2070,24,Male,5,5,5,47
2071,24,Male,3,8,4,78
2072,17,Female,2,5,6,83
2073,17,Female,1,4,5,65
2074,18,Female,1,5,8,91
2075,16,Female,3,7,6,75
2076,19,Male,7,7,6,60
2077,19,Female,0,4,5,67
2078,24,Female,1,6,6,94
2079,24,Female,1,9,4,100
2080,24,Male,5,9,7,89
2081,22,Female,2,3,5,51
2082,17,Female,3,2,7,65
2083,20,Female,1,7,5,81
2084,19,Male,3,4,8,81
2085,23,Female,0,1,4,48
2086,17,Female,4,4,4,36
2087,21,Female,0,8,6,100
2088,20,Female,6,8,8,88
2089,17,Female,4,5,7,66
2090,16,Male,5,5,4,55
2091,23,Female,3,6,6,74
2092,17,Male,3,2,8,71
2093,22,Female,0,5,4,90
2094,24,Male,4,1,4,25
2095,24,Female,4,5,8,72
2096,23,Female,3,4,8,69
2097,24,Female,5,7,7,71
2098,17,Female,6,6,8,54
2099,21,Female,6,4,4,33
2100,19,Female,1,1,6,54
2101,19,Male,4,3,7,58
2102,20,Male,0,6,7,84
2103,18,Male,5,1,7,36
2104,16,Male,3,1,8,55
2105,23,Female,1,6,5,83
2106,20,Female,6,7,4,58
2107,18,Female,4,3,5,53
2108,22,Male,2,5,7,81
2109,22,Male,0,9,5,100
2110,16,Female,4,9,8,83
2111,24,Female,7,3,5,30
2112,17,Male,4,8,4,68
2113,20,Female,7,6,6,57
2114,20,Female,1,9,7,100
2115,23,Male,4,5,5,60
2116,23,Female,6,7,7,76
2117,22,Male,4,7,6,88
2118,22,Female,0,5,4,70
2119,21,Male,4,8,4,74
2120,21,Male,4,3,7,58
2121,24,Female,5,2,5,25
2122,21,Male,6,4,8,63
2123,17,Female,6,9,6,91
2124,17,Male,5,5,5,58
2125,20,Male,1,6,5,90
2126,19,Male,3,6,4,76
2127,17,Female,6,2,6,35
2128,18,Female,7,4,6,31
2129,22,Male,0,7,8,100
2130,23,Female,4,9,5,82
2131,21,Female,2,2,5,60
2132,20,Female,1,4,4,71
2133,16,Female,4,1,5,44
2134,23,Female,4,3,6,44
2135,18,Female,0,4,8,93
2136,21,Male,6,5,7,48
2137,18,Male,6,3,7,42
2138,22,Male,7,3,5,18
2139,22,Male,1,8,4,90
2140,24,Female,4,9,5,86
2141,20,Male,3,3,5,43
2142,23,Male,2,7,6,99
2143,23,Female,4,3,5,57
2144,16,Male,6,9,8,93
2145,20,Male,0,7,8,100
2146,18,Male,7,8,5,64
2147,16,Female,6,1,7,25
2148,19,Male,6,6,7,66
2149,23,Male,6,5,4,52
2150,18,Female,3,3,8,70
2151,17,Female,6,3,5,33
2152,24,Female,3,6,7,83
2153,20,Female,7,7,5,70
2154,22,Male,1,1,5,57
2155,17,Male,2,6,6,83
2156,24,Male,4,2,8,73
2157,24,Male,2,2,4,46
2158,19,Male,3,6,4,61
2159,19,Male,3,3,6,49
2160,21,Female,6,4,4,37
2161,21,Female,4,4,7,58
2162,16,Male,2,6,7,93
2163,24,Female,1,5,8,88
2164,17,Male,3,9,7,100
2165,20,Male,4,4,8,60
2166,24,Female,5,7,7,83
2167,19,Male,0,3,8,85
2168,18,Male,1,5,4,96
2169,22,Male,3,5,6,77
2170,21,Female,2,3,8,65
2171,23,Female,3,5,7,81
2172,18,Male,6,3,8,48
2173,20,Female,2,1,4,42
2174,19,Female,4,2,8,50
2175,19,Female,4,7,7,69
2176,19,Female,1,7,4,90
2177,23,Male,5,3,4,30
2178,21,Male,4,4,5,63
2179,18,Female,3,1,8,51
2180,20,Female,6,3,7,41
2181,21,Female,1,8,8,100
2182,20,Female,7,6,6,51
2183,21,Female,4,2,8,71
2184,23,Female,4,3,6,58
2185,22,Female,7,8,5,65
2186,20,Female,6,2,4,24
2187,21,Female,4,4,8,58
2188,19,Male,6,6,5,60
2189,24,Male,3,6,4,70
2190,19,Female,4,5,4,59
2191,16,Female,0,9,5,100
2192,22,Female,0,2,8,74
2193,22,Female,6,7,6,66
2194,19,Male,0,2,7,68
2195,18,Male,1,6,8,100
2196,23,Female,6,8,6,86
2197,20,Male,0,5,8,86
2198,22,Male,2,7,5,76
2199,19,Male,4,8,8,83
2200,19,Male,4,2,4,30
2201,23,Female,6,7,7,78
2202,23,Male,4,9,7,89
2203,17,Female,4,6,4,71
2204,17,Male,5,2,5,39
2205,18,Female,3,2,5,51
2206,18,Male,4,3,4,35
2207,16,Female,7,1,6,23
2208,18,Female,3,5,8,81
2209,21,Male,3,1,6,68
2210,23,Female,0,3,6,63
2211,21,Female,4,4,4,51
2212,20,Male,0,5,4,76
2213,19,Male,4,6,6,80
2214,18,Female,6,7,8,83
2215,19,Female,4,1,8,44
2216,22,Male,2,1,5,57
2217,16,Male,6,1,6,31
2218,22,Female,2,4,6,73
2219,16,Female,5,1,7,30
2220,17,Female,4,7,7,75
2221,19,Male,1,3,7,79
2222,16,Female,7,9,4,63
2223,24,Male,1,5,8,99
2224,21,Male,7,5,4,22
2225,16,Female,0,8,6,97
2226,16,Other,2,7,8,96
2227,21,Male,1,6,6,93
2228,19,Male,0,9,4,88
2229,19,Female,5,4,5,53
2230,21,Female,5,8,6,86
2231,22,Female,6,4,4,31
2232,24,Female,2,8,6,93
2233,20,Male,3,3,5,47
2234,24,Other,5,3,8,62
2235,19,Female,3,7,4,84
2236,17,Female,5,2,7,43
2237,18,Female,5,3,6,45
2238,16,Female,0,3,6,75
2239,21,Male,6,7,5,68
2240,21,Male,5,9,7,95
2241,16,Female,5,7,7,82
2242,18,Male,1,8,4,108
2243,20,Male,2,5,8,75
2244,18,Female,3,1,8,66
2245,18,Female,2,1,4,42
2246,18,Male,1,5,7,88
2247,20,Female,6,3,6,41
2248,20,Female,5,2,4,34
2249,19,Female,4,5,5,61
2250,16,Female,1,7,8,100
2251,20,Male,7,4,6,45
2252,20,Male,1,8,8,100
2253,19,Male,6,7,7,63
2254,21,Female,7,7,4,46
2255,19,Female,5,9,4,84
2256,22,Female,7,3,7,24
2257,22,Female,5,6,6,62
2258,17,Female,1,8,4,94
2259,18,Female,1,6,7,85
2260,16,Male,2,8,8,100
2261,23,Male,0,4,7,79
2262,24,Female,5,6,5,64
2263,19,Male,2,1,5,33
2264,21,Male,6,9,8,99
2265,24,Female,2,8,8,96
2266,21,Male,3,8,5,78
2267,24,Female,7,7,8,69
2268,19,Male,1,2,4,43
2269,23,Male,5,1,4,21
2270,24,Male,6,8,4,73
2271,19,Female,1,4,4,59
2272,20,Male,4,3,8,56
2273,23,Female,2,6,6,79
2274,21,Female,6,4,5,58
2275,22,Female,4,6,8,82
2276,18,Male,3,5,8,59
2277,22,Male,6,7,4,62
2278,23,Female,1,8,7,100
2279,21,Female,6,2,7,28
2280,24,Other,6,3,7,39
2281,21,Male,7,4,7,40
2282,24,Female,6,9,4,77
2283,19,Male,3,4,5,63
2284,23,Male,7,4,8,40
2285,19,Male,3,6,8,91
2286,17,Male,5,4,5,43
2287,24,Female,1,9,4,89
2288,20,Male,7,9,8,78
2289,19,Female,5,5,5,58
2290,17,Male,6,6,5,61
2291,16,Female,0,1,5,52
2292,22,Male,6,7,6,78
2293,21,Male,6,7,5,74
2294,17,Male,5,4,6,63
2295,23,Male,2,2,4,50
2296,19,Female,3,9,8,100
2297,23,Male,0,4,8,91
2298,22,Female,3,6,8,89
2299,20,Male,1,1,8,58
2300,23,Female,2,4,7,62
2301,24,Female,1,8,5,100
2302,20,Male,1,4,4,76
2303,20,Male,0,6,4,75
2304,17,Male,7,2,5,18
2305,20,Female,4,4,6,64
2306,18,Male,3,9,8,100
2307,22,Female,4,6,6,70
2308,20,Female,5,9,6,87
2309,23,Female,7,9,7,79
2310,16,Female,1,9,4,91
2311,18,Female,2,9,8,98
2312,18,Male,7,1,6,27
2313,24,Female,2,9,5,88
2314,20,Female,0,2,8,78
2315,24,Male,1,1,7,75
2316,24,Female,0,1,6,48
2317,16,Male,7,4,6,30
2318,17,Female,2,6,7,87
2319,20,Female,7,4,4,28
2320,19,Male,7,1,8,32
2321,24,Female,4,5,8,72
2322,22,Male,0,4,6,85
2323,21,Male,0,7,7,92
2324,22,Male,3,3,8,66
2325,16,Female,3,2,5,40
2326,16,Male,4,3,8,51
2327,23,Male,3,3,7,58
2328,17,Female,7,6,6,38
2329,24,Male,4,5,7,75
2330,22,Male,5,4,6,46
2331,21,Male,7,4,4,19
2332,16,Male,1,4,7,81
2333,16,Male,1,9,6,100
2334,17,Male,0,3,7,69
2335,21,Other,1,8,4,91
2336,21,Female,4,7,6,77
2337,17,Male,2,1,7,67
2338,16,Male,3,9,8,100
2339,20,Male,7,7,8,66
2340,20,Female,1,7,8,97
2341,17,Male,4,4,5,50
2342,21,Male,0,6,8,100
2343,24,Female,2,3,4,76
2344,17,Male,4,1,4,35
2345,17,Male,7,8,4,57
2346,18,Female,3,9,8,107
2347,22,Female,0,2,4,66
2348,21,Male,3,8,4,77
2349,23,Female,1,7,5,106
2350,23,Male,1,2,6,57
2351,21,Female,4,4,8,73
2352,18,Female,0,4,6,73
2353,18,Female,3,7,6,81
2354,16,Female,4,8,4,74
2355,22,Female,3,1,5,52
2356,20,Female,0,6,4,85
2357,19,Female,7,7,6,54
2358,19,Male,2,8,6,87
2359,19,Male,6,2,5,29
2360,21,Female,2,5,8,65
2361,23,Female,3,8,8,107
2362,23,Male,3,3,4,49
2363,20,Female,2,4,4,75
2364,21,Female,0,8,7,100
2365,19,Other,2,1,4,55
2366,24,Female,7,8,5,64
2367,23,Male,5,3,5,47
2368,16,Male,1,1,8,58
2369,17,Male,4,3,7,43
2370,24,Male,7,1,4,17
2371,23,Female,5,1,4,22
2372,18,Female,1,7,5,96
2373,23,Female,6,2,5,25
2374,16,Female,2,9,6,100
2375,19,Male,3,5,8,72
2376,18,Male,4,5,5,55
2377,21,Male,6,4,5,40
2378,22,Male,7,7,5,60
2379,19,Female,7,5,4,26
2380,22,Male,0,2,8,74
2381,24,Male,7,8,4,69
2382,17,Male,0,4,5,77
2383,18,Female,2,1,4,57
2384,20,Male,4,5,6,77
2385,18,Female,3,6,8,80
2386,23,Male,4,3,4,37
2387,23,Female,3,8,6,92
2388,23,Male,7,7,4,54
2389,24,Female,1,6,7,96
2390,19,Female,2,4,7,62
2391,20,Female,7,9,7,84
2392,20,Female,0,3,6,64
2393,23,Male,4,6,8,74
2394,22,Male,5,3,6,54
2395,24,Male,4,7,6,80
2396,23,Female,5,1,7,32
2397,17,Male,1,1,6,71
2398,19,Male,6,8,4,62
2399,21,Female,1,4,5,70
2400,17,Female,3,4,4,47
2401,22,Male,0,6,6,94
2402,18,Female,4,7,7,79
2403,18,Female,5,2,4,36
2404,17,Male,7,2,7,25
2405,23,Male,5,9,8,99
2406,21,Female,4,6,5,70
2407,16,Female,7,4,5,30
2408,16,Male,3,8,8,100
2409,22,Male,4,5,7,73
2410,23,Female,4,3,4,39
2411,20,Female,3,2,6,50
2412,20,Female,6,4,7,49
2413,19,Male,1,8,6,100
2414,21,Male,4,1,7,49
2415,21,Female,5,2,6,36
2416,18,Male,7,9,7,82
2417,24,Other,7,2,5,26
2418,22,Female,4,6,7,80
2419,16,Male,5,2,8,48
2420,22,Female,3,6,5,81
2421,20,Male,3,4,7,70
2422,20,Female,7,1,5,12
2423,17,Male,7,6,5,36
2424,19,Male,7,7,8,76
2425,21,Female,1,7,4,87
2426,22,Female,6,6,5,47
2427,20,Male,7,5,6,41
2428,24,Female,2,5,6,82
2429,18,Male,4,6,7,73
2430,16,Male,6,7,4,75
2431,19,Male,4,6,4,70
2432,24,Male,7,6,5,37
2433,19,Male,3,2,6,49
2434,17,Male,5,2,6,54
2435,20,Male,6,3,7,39
2436,18,Male,3,9,6,80
2437,24,Male,6,7,5,56
2438,19,Female,4,5,7,80
2439,21,Male,3,3,4,57
2440,17,Female,0,2,4,51
2441,21,Female,3,9,7,100
2442,18,Female,5,9,5,79
2443,24,Female,7,2,6,27
2444,17,Female,2,8,5,93
2445,24,Male,2,5,6,68
2446,20,Female,1,3,5,77
2447,23,Female,5,7,8,105
2448,17,Female,7,6,5,45
2449,21,Female,5,8,7,83
2450,18,Male,4,1,8,57
2451,20,Female,4,3,7,60
2452,23,Female,0,3,6,79
2453,16,Male,5,3,6,56
2454,20,Male,4,5,6,73
2455,18,Female,5,3,8,60
2456,19,Female,7,5,4,28
2457,17,Female,6,4,8,57
2458,24,Female,6,7,6,88
2459,18,Male,7,6,8,67
2460,17,Male,7,6,4,40
2461,24,Male,4,2,8,61
2462,22,Male,0,3,4,71
2463,21,Male,3,1,7,39
2464,16,Male,6,1,6,29
2465,20,Female,0,3,7,72
2466,18,Female,0,1,7,62
2467,16,Male,0,6,4,78
2468,19,Male,5,9,6,89
2469,17,Male,4,1,5,38
2470,17,Female,2,8,6,82
2471,18,Male,0,2,7,75
2472,23,Male,5,7,4,63
2473,23,Female,2,6,6,75
2474,22,Female,2,9,7,95
2475,21,Male,5,2,5,38
2476,24,Male,4,3,8,66
2477,19,Male,2,1,6,48
2478,16,Female,5,4,4,44
2479,23,Female,2,9,4,83
2480,22,Male,6,8,6,68
2481,22,Female,1,7,5,82
2482,18,Male,1,5,4,93
2483,19,Male,6,8,4,76
2484,24,Male,5,5,6,53
2485,21,Female,1,2,6,81
2486,20,Male,0,8,4,95
2487,18,Male,6,3,7,40
2488,24,Male,6,1,8,42
2489,20,Male,2,2,8,70
2490,20,Female,5,6,8,77
2491,19,Male,0,6,8,86
2492,19,Male,4,3,5,53
2493,16,Female,0,7,4,91
2494,22,Female,3,7,6,85
2495,24,Female,0,9,7,98
2496,18,Female,3,6,8,76
2497,17,Male,3,8,5,89
2498,18,Female,3,7,6,87
2499,16,Female,0,3,7,61
2500,21,Male,2,3,6,70
2501,22,Female,6,5,6,52
2502,17,Male,2,1,5,34
2503,23,Other,5,3,8,47
2504,21,Female,2,5,6,63
2505,19,Female,3,1,6,55
2506,20,Female,4,2,5,51
2507,23,Female,7,5,6,43
2508,18,Male,0,7,5,84
2509,18,Male,0,8,5,98
2510,19,Male,4,5,5,53
2511,16,Male,7,5,4,25
2512,24,Female,7,4,6,31
2513,23,Male,3,2,5,46
2514,23,Male,3,2,8,54
2515,21,Female,5,8,4,66
2516,22,Female,4,5,4,54
2517,21,Male,5,8,8,92
2518,24,Male,6,7,4,65
2519,18,Male,5,2,4,40
2520,18,Female,3,5,4,54
2521,18,Male,3,5,8,69
2522,18,Female,5,4,8,63
2523,24,Male,3,5,5,69
2524,19,Male,3,9,7,83
2525,22,Female,0,8,6,94
2526,24,Male,1,9,8,100
2527,22,Male,3,1,4,43
2528,24,Male,6,2,8,45
2529,18,Female,2,1,4,53
2530,19,Female,4,3,5,44
2531,23,Male,2,4,4,61
2532,21,Male,0,6,7,97
2533,20,Male,7,5,7,37
2534,19,Female,6,9,6,84
2535,23,Female,0,9,7,100
2536,16,Female,5,2,7,37
2537,24,Female,2,8,7,100
2538,16,Male,7,5,5,34
2539,23,Male,2,5,6,74
2540,19,Male,1,8,4,94
2541,24,Male,4,1,6,39
2542,20,Male,6,8,7,77
2543,18,Female,1,7,7,99
2544,24,Female,5,8,7,96
2545,24,Female,0,9,5,100
2546,19,Male,7,5,7,57
2547,19,Female,0,1,5,48
2548,23,Female,7,2,8,34
2549,17,Female,3,3,5,54
2550,24,Male,3,1,7,53
2551,21,Male,7,8,7,73
2552,24,Male,7,3,8,27
2553,23,Male,5,9,6,91
2554,22,Female,1,7,5,100
2555,16,Male,4,2,6,56
2556,18,Male,4,5,5,61
2557,17,Female,4,5,7,64
2558,20,Female,4,5,8,69
2559,20,Male,0,5,4,71
2560,20,Female,5,1,6,43
2561,19,Male,5,7,8,85
2562,20,Male,0,5,4,77
2563,18,Male,4,8,6,85
2564,16,Female,4,8,8,84
2565,20,Female,5,3,8,58
2566,24,Male,0,1,6,74
2567,24,Female,5,7,4,64
2568,19,Male,2,9,4,93
2569,18,Female,4,5,6,64
2570,16,Male,6,3,4,33
2571,17,Male,5,2,4,14
2572,23,Female,0,3,7,65
2573,16,Female,4,3,7,59
2574,23,Male,7,4,8,47
2575,22,Male,1,6,4,82
2576,23,Male,6,3,4,37
2577,21,Male,5,1,8,42
2578,24,Female,6,4,7,56
2579,18,Other,2,8,8,95
2580,19,Male,2,5,8,70
2581,21,Male,7,9,8,94
2582,23,Female,2,5,6,74
2583,20,Male,0,3,5,76
2584,18,Female,4,2,6,49
2585,21,Male,1,7,7,94
2586,19,Female,6,5,5,46
2587,24,Female,5,6,7,67
2588,18,Female,7,7,4,51
2589,19,Female,6,7,7,73
2590,22,Male,0,1,4,60
2591,22,Female,3,8,6,88
2592,19,Female,6,5,8,49
2593,21,Male,3,4,4,59
2594,18,Male,7,5,6,43
2595,21,Male,5,6,4,56
2596,17,Male,0,2,8,79
2597,23,Male,7,4,8,41
2598,17,Female,0,4,8,85
2599,22,Male,1,4,8,96
2600,24,Female,5,1,7,38
2601,16,Male,6,2,4,24
2602,23,Male,4,2,5,43
2603,22,Female,2,4,6,65
2604,21,Female,2,9,6,93
2605,21,Male,2,2,7,59
2606,21,Male,2,4,5,77
2607,24,Male,1,3,4,66
2608,17,Female,4,8,6,68
2609,16,Female,7,1,4,7
2610,21,Male,2,2,7,69
2611,23,Female,1,2,6,76
2612,18,Female,6,9,7,85
2613,16,Male,5,6,4,43
2614,24,Other,7,2,8,28
2615,16,Female,1,3,4,57
2616,18,Male,1,2,5,49
2617,23,Male,4,2,7,59
2618,18,Male,4,8,4,57
2619,19,Male,3,5,4,63
2620,23,Female,4,6,4,55
2621,16,Male,1,3,6,69
2622,21,Female,3,5,8,79
2623,16,Female,5,3,6,35
2624,16,Female,3,3,7,60
2625,23,Female,5,6,5,69
2626,19,Male,3,2,4,36
2627,16,Male,2,6,4,79
2628,22,Female,2,8,8,104
2629,20,Male,3,2,4,39
2630,20,Male,0,9,9,100
2631,16,Female,5,1,4,31
2632,21,Female,6,4,7,39
2633,24,Male,2,6,8,90
2634,24,Female,0,6,5,74
2635,23,Female,7,1,7,27
2636,20,Male,2,8,5,93
2637,16,Male,1,9,5,108
2638,24,Female,2,2,5,57
2639,16,Male,5,9,8,83
2640,23,Male,2,6,5,68
2641,20,Female,4,9,5,86
2642,18,Female,3,2,8,63
2643,22,Male,0,8,5,88
2644,22,Male,2,1,6,37
2645,24,Male,5,8,8,83
2646,22,Other,4,7,5,69
2647,18,Male,0,4,5,73
2648,16,Female,1,2,8,72
2649,23,Female,5,8,5,79
2650,18,Male,6,6,5,36
2651,23,Other,2,4,6,68
2652,23,Female,4,4,7,66
2653,20,Female,1,8,4,82
2654,16,Male,2,4,5,66
2655,22,Female,0,1,5,50
2656,20,Female,6,9,5,72
2657,23,Other,3,4,7,75
2658,24,Male,6,4,5,33
2659,22,Female,5,2,7,34
2660,22,Male,6,9,6,76
2661,16,Male,2,2,5,56
2662,19,Male,1,6,5,93
2663,17,Female,7,8,4,56
2664,17,Male,5,1,4,22
2665,17,Female,6,8,7,94
2666,19,Other,0,4,7,79
2667,16,Male,2,6,4,83
2668,19,Female,5,4,7,40
2669,17,Male,0,7,8,101
2670,20,Male,4,3,4,40
2671,18,Female,3,1,6,40
2672,23,Female,0,9,7,100
2673,19,Female,1,1,4,46
2674,16,Female,2,8,7,92
2675,16,Male,0,2,8,73
2676,18,Male,5,4,4,44
2677,24,Female,1,8,8,100
2678,22,Male,2,2,5,49
2679,17,Male,7,8,4,61
2680,24,Female,3,5,6,61
2681,17,Male,3,4,4,45
2682,18,Male,5,6,6,74
2683,17,Female,7,4,4,39
2684,18,Female,0,4,7,84
2685,21,Female,3,7,6,75
2686,24,Female,4,3,6,53
2687,24,Male,2,2,4,48
2688,22,Female,6,8,5,67
2689,18,Female,7,8,4,59
2690,19,Male,7,5,7,43
2691,21,Male,2,5,5,66
2692,20,Female,1,7,7,97
2693,17,Female,7,5,5,33
2694,21,Female,3,4,7,63
2695,18,Female,1,9,6,100
2696,23,Female,5,2,6,31
2697,17,Other,2,6,7,90
2698,16,Female,2,8,6,83
2699,24,Male,7,7,8,71
2700,18,Female,1,8,7,100
2701,16,Male,0,4,6,66
2702,22,Female,2,3,8,65
2703,20,Female,4,8,8,79
2704,20,Female,0,4,6,86
2705,16,Female,3,7,4,78
2706,24,Male,5,2,6,37
2707,22,Male,6,7,5,64
2708,23,Male,1,5,6,86
2709,24,Female,6,3,7,41
2710,21,Female,1,5,7,82
2711,20,Female,5,7,7,76
2712,21,Male,3,1,7,50
2713,17,Female,0,6,4,91
2714,19,Female,5,5,4,55
2715,18,Male,1,2,7,67
2716,22,Female,1,7,6,100
2717,24,Female,2,3,7,71
2718,20,Female,5,3,4,33
2719,21,Male,1,5,4,59
2720,17,Female,1,7,6,100
2721,18,Male,0,9,6,100
2722,18,Other,3,2,5,47
2723,24,Male,3,4,6,71
2724,22,Male,1,1,4,47
2725,23,Female,0,7,4,85
2726,24,Male,3,5,4,52
2727,21,Female,6,7,6,82
2728,19,Female,5,3,8,62
2729,16,Female,6,8,5,75
2730,23,Other,0,5,4,69
2731,22,Male,7,9,7,78
2732,17,Female,2,1,8,59
2733,23,Male,7,5,4,44
2734,20,Male,2,7,5,90
2735,22,Female,3,6,4,60
2736,19,Male,2,1,4,48
2737,20,Female,2,9,7,100
2738,23,Female,6,3,8,53
2739,16,Female,5,3,7,44
2740,16,Other,7,5,8,49
2741,19,Male,4,5,6,58
2742,18,Female,3,7,8,100
2743,17,Female,0,4,5,73
2744,18,Female,7,4,4,35
2745,16,Male,4,5,7,62
2746,16,Female,5,4,5,42
2747,21,Male,3,9,5,92
2748,20,Male,4,8,7,89
2749,23,Female,7,5,5,32
2750,17,Female,1,1,6,50
2751,19,Female,2,9,5,93
2752,23,Female,1,2,7,64
2753,21,Female,6,3,5,38
2754,16,Male,0,2,6,58
2755,19,Male,0,2,4,62
2756,16,Male,2,8,7,92
2757,17,Female,4,6,7,85
2758,20,Male,3,9,4,83
2759,23,Male,0,3,5,68
2760,23,Female,7,5,5,38
2761,18,Male,7,9,6,77
2762,19,Male,2,8,6,98
2763,21,Female,5,7,5,72
2764,18,Male,4,2,7,49
2765,17,Male,1,7,8,100
2766,21,Male,2,4,4,60
2767,20,Female,3,5,6,59
2768,20,Female,3,6,6,80
2769,20,Male,2,6,6,88
2770,20,Female,6,7,4,57
2771,18,Male,3,6,5,73
2772,22,Female,5,1,4,36
2773,21,Male,1,5,6,87
2774,19,Female,4,6,7,73
2775,17,Female,2,3,4,65
2776,24,Female,4,3,5,56
2777,16,Male,6,2,5,26
2778,19,Male,6,4,8,56
2779,16,Female,2,9,4,92
2780,21,Male,5,3,6,44
2781,19,Female,7,5,7,56
2782,20,Female,5,7,8,100
2783,20,Female,1,1,7,66
2784,24,Male,5,9,5,79
2785,16,Female,0,4,8,88
2786,17,Female,6,8,7,81
2787,21,Female,4,1,7,34
2788,20,Male,3,2,4,48
2789,22,Male,0,3,4,78
2790,18,Male,3,4,7,65
2791,18,Male,7,8,8,80
2792,17,Female,0,1,7,64
2793,18,Female,3,6,8,81
2794,16,Male,7,2,6,31
2795,20,Female,3,8,5,83
2796,20,Male,3,8,7,94
2797,22,Male,4,5,7,66
2798,19,Male,3,2,7,56
2799,18,Male,1,6,8,100
2800,16,Female,0,2,5,48
2801,23,Male,4,2,4,29
2802,18,Female,7,6,8,62
2803,17,Male,0,9,4,98
2804,19,Female,1,9,7,100
2805,18,Male,2,6,8,89
2806,16,Male,6,5,5,43
2807,18,Male,2,9,8,100
2808,17,Male,7,5,5,42
2809,23,Male,0,4,7,81
2810,21,Female,7,9,4,69
2811,24,Female,4,3,7,55
2812,23,Female,5,1,7,41
2813,18,Female,2,6,6,73
2814,20,Male,6,1,7,36
2815,22,Male,1,4,8,78
2816,20,Other,0,4,7,83
2817,23,Female,3,5,8,82
2818,20,Female,6,9,6,82
2819,16,Female,6,2,6,45
2820,20,Male,4,4,5,56
2821,19,Male,4,2,8,58
2822,21,Male,1,6,4,85
2823,18,Male,6,7,5,59
2824,20,Male,6,5,5,56
2825,17,Male,5,3,5,51
2826,21,Female,3,6,8,68
2827,21,Female,7,5,5,34
2828,20,Female,7,2,8,30
2829,21,Female,5,4,6,56
2830,22,Male,2,4,8,74
2831,20,Male,4,9,6,89
2832,16,Female,4,8,5,92
2833,23,Male,3,7,6,89
2834,19,Male,2,9,6,90
2835,24,Male,3,7,5,89
2836,21,Male,4,9,5,91
2837,16,Female,3,1,4,34
2838,18,Male,2,5,5,77
2839,18,Female,6,7,7,83
2840,19,Female,4,6,5,64
2841,21,Male,0,2,7,72
2842,22,Male,2,4,8,71
2843,19,Male,7,3,5,36
2844,21,Male,6,3,6,42
2845,16,Female,2,4,4,67
2846,23,Female,7,5,5,47
2847,22,Female,0,8,7,97
2848,24,Male,7,7,5,58
2849,18,Female,1,8,4,91
2850,17,Female,0,8,5,100
2851,16,Female,3,4,8,66
2852,18,Female,2,4,7,77
2853,20,Female,4,1,8,58
2854,17,Female,6,9,8,91
2855,18,Female,6,1,4,23
2856,19,Male,3,7,4,78
2857,22,Female,3,4,6,59
2858,18,Male,1,9,6,100
2859,24,Male,0,4,6,74
2860,23,Other,5,8,4,66
2861,19,Female,0,3,4,43
2862,16,Male,5,3,4,50
2863,16,Male,4,6,8,72
2864,16,Male,1,9,8,100
2865,16,Female,4,5,4,49
2866,23,Female,1,9,5,100
2867,18,Female,3,8,4,86
2868,21,Female,6,8,8,94
2869,18,Male,3,4,8,64
2870,20,Female,1,4,5,78
2871,22,Male,5,2,5,40
2872,17,Female,1,9,5,107
2873,21,Female,5,9,6,98
2874,21,Female,3,7,7,80
2875,18,Male,3,3,6,55
2876,21,Male,6,3,8,53
2877,20,Male,5,9,4,80
2878,17,Female,0,1,7,63
2879,24,Male,2,8,5,83
2880,23,Male,6,4,5,41
2881,18,Male,0,4,7,84
2882,23,Female,4,8,8,90
2883,24,Male,5,1,7,29
2884,18,Female,4,4,7,58
2885,18,Female,6,9,7,88
2886,17,Female,5,7,5,73
2887,23,Male,5,7,7,92
2888,16,Male,6,7,7,84
2889,23,Male,5,1,6,42
2890,22,Male,3,2,6,64
2891,22,Male,3,5,7,65
2892,18,Female,5,4,8,60
2893,16,Male,7,4,5,34
2894,19,Female,2,8,8,92
2895,24,Male,2,1,8,57
2896,20,Female,7,6,5,43
2897,16,Female,4,1,7,23
2898,20,Female,1,1,4,58
2899,23,Female,5,4,4,49
2900,23,Female,7,8,6,77
2901,20,Female,6,2,8,32
2902,24,Male,5,5,4,42
2903,16,Female,1,7,8,100
2904,19,Male,7,3,6,25
2905,18,Male,4,5,8,78
2906,17,Male,7,9,8,82
2907,23,Male,2,5,8,73
2908,22,Male,0,2,7,64
2909,24,Male,3,6,8,80
2910,17,Male,2,6,4,73
2911,19,Female,5,1,5,32
2912,21,Male,7,1,5,12
2913,18,Female,5,2,7,50
2914,23,Male,7,2,4,19
2915,18,Female,3,3,4,53
2916,17,Female,6,5,8,66
2917,18,Female,6,4,7,38
2918,21,Female,5,9,8,107
2919,17,Male,4,6,4,71
2920,23,Other,5,8,5,76
2921,16,Female,5,5,5,46
2922,22,Female,2,1,4,55
2923,17,Female,6,5,5,52
2924,21,Male,7,8,5,78
2925,17,Female,3,2,4,37
2926,17,Male,5,1,6,27
2927,23,Female,5,3,5,32
2928,17,Male,5,4,4,37
2929,22,Female,4,3,7,59
2930,18,Male,7,2,7,42
2931,23,Male,3,3,8,63
2932,22,Female,0,7,6,85
2933,23,Female,6,4,8,47
2934,22,Female,5,6,8,82
2935,21,Male,6,5,6,58
2936,22,Male,1,5,6,88
2937,20,Female,0,3,4,61
2938,22,Other,7,5,7,59
2939,16,Female,1,1,6,64
2940,16,Male,6,4,8,50
2941,24,Female,6,6,6,56
2942,20,Male,5,2,8,47
2943,20,Female,1,3,8,73
2944,18,Male,5,2,8,43
2945,20,Male,7,1,5,17
2946,18,Female,3,4,4,48
2947,24,Female,3,9,7,96
2948,24,Male,3,4,7,67
2949,21,Male,0,5,5,67
2950,16,Male,7,6,7,57
2951,22,Female,6,6,6,55
2952,22,Male,7,9,4,64
2953,19,Male,4,8,6,81
2954,23,Female,6,8,8,94
2955,21,Female,1,9,6,100
2956,19,Female,5,3,7,53
2957,19,Female,5,6,4,64
2958,17,Female,7,8,7,75
2959,17,Female,6,6,8,68
2960,19,Female,7,9,6,90
2961,20,Female,6,1,5,32
2962,23,Male,6,4,7,53
2963,21,Other,0,9,8,100
2964,19,Male,6,4,4,30
2965,22,Male,4,7,6,70
2966,23,Male,3,1,4,53
2967,17,Male,0,7,6,97
2968,22,Other,5,9,6,90
2969,17,Female,2,4,8,72
2970,17,Female,3,1,6,34
2971,23,Female,5,1,6,31
2972,17,Female,7,9,8,83
2973,24,Male,6,7,5,73
2974,16,Female,3,1,7,56
2975,24,Female,3,1,7,53
2976,16,Male,1,8,5,96
2977,17,Female,2,8,4,89
2978,21,Male,0,2,6,64
2979,21,Male,7,3,5,28
2980,16,Male,4,8,5,85
2981,22,Male,1,5,8,98
2982,23,Female,2,9,6,95
2983,17,Female,4,5,8,83
2984,23,Male,4,7,4,64
2985,24,Female,0,5,8,92
2986,21,Female,7,9,7,73
2987,20,Male,2,4,8,78
2988,24,Male,0,3,5,67
2989,24,Other,0,3,6,75
2990,16,Female,4,8,6,94
2991,18,Other,1,5,7,86
2992,24,Male,0,4,8,79
2993,17,Female,3,5,4,60
2994,19,Male,4,2,8,52
2995,19,Male,0,1,8,63
2996,17,Female,2,3,6,61
2997,18,Male,3,6,4,56
2998,18,Male,1,7,8,102
2999,16,Male,4,8,6,79
3000,21,Male,0,9,8,100
3001,23,Female,0,4,8,85
3002,18,Female,4,7,4,64
3003,20,Male,1,1,7,71
3004,16,Male,0,1,6,55
3005,22,Male,3,2,8,66
3006,16,Female,7,5,5,31
3007,24,Male,5,2,5,43
3008,23,Female,6,3,8,44
3009,22,Male,6,6,4,44
3010,22,Male,7,4,7,41
3011,20,Female,6,6,5,43
3012,20,Female,4,4,6,56
3013,20,Male,2,2,7,57
3014,16,Female,1,1,6,58
3015,23,Female,5,3,8,53
3016,16,Female,7,1,4,18
3017,19,Female,3,6,5,70
3018,24,Female,5,8,6,76
3019,24,Other,3,4,7,56
3020,20,Male,3,4,6,71
3021,19,Female,3,8,4,83
3022,18,Male,4,3,8,54
3023,18,Male,2,2,6,53
3024,20,Male,5,5,5,45
3025,16,Male,6,6,6,50
3026,20,Female,7,6,5,37
3027,21,Female,1,7,4,85
3028,22,Female,7,1,4,17
3029,24,Male,2,4,4,78
3030,18,Male,2,3,4,61
3031,17,Female,5,7,6,77
3032,18,Male,2,8,7,100
3033,24,Female,0,3,7,65
3034,22,Female,2,1,4,49
3035,24,Female,5,3,8,36
3036,17,Female,2,1,8,63
3037,20,Female,5,3,8,53
3038,19,Male,5,5,5,57
3039,17,Female,5,9,7,85
3040,24,Male,7,4,4,21
3041,24,Male,3,2,8,51
3042,21,Male,1,2,4,65
3043,21,Female,2,2,5,58
3044,23,Male,3,2,6,52
3045,21,Male,5,7,6,75
3046,16,Male,0,1,6,52
3047,19,Female,2,9,4,105
3048,22,Female,6,5,6,53
3049,17,Female,5,5,8,73
3050,24,Female,5,4,8,50
3051,23,Male,6,7,6,76
3052,23,Male,6,5,6,46
3053,22,Female,5,3,4,38
3054,19,Male,3,3,5,51
3055,17,Male,7,9,5,66
3056,18,Male,4,3,6,43
3057,21,Female,1,4,7,88
3058,20,Male,2,4,6,63
3059,23,Female,5,1,4,17
3060,21,Male,7,2,6,30
3061,21,Female,1,2,4,58
3062,16,Male,0,7,7,99
3063,19,Male,7,4,4,41
3064,20,Male,7,8,6,68
3065,18,Female,2,7,7,81
3066,24,Male,3,2,5,57
3067,16,Female,5,6,4,60
3068,21,Female,2,7,6,89
3069,21,Female,7,6,4,48
3070,20,Male,0,6,6,90
3071,20,Male,0,7,7,96
3072,20,Male,1,1,5,55
3073,21,Female,2,7,6,82
3074,23,Female,0,3,8,83
3075,17,Female,0,6,6,79
3076,21,Female,6,3,8,53
3077,16,Male,1,8,4,99
3078,19,Male,7,5,7,40
3079,18,Female,2,6,7,83
3080,24,Male,5,8,8,95
3081,18,Male,1,9,4,109
3082,21,Female,1,7,5,91
3083,16,Male,4,2,4,34
3084,21,Female,4,8,8,102
3085,19,Female,6,6,6,53
3086,23,Female,6,6,8,60
3087,24,Male,5,9,5,94
3088,19,Male,3,3,4,47
3089,21,Female,7,3,5,33
3090,16,Male,4,5,6,60
3091,19,Male,7,7,8,62
3092,22,Male,6,5,5,42
3093,16,Male,0,6,8,94
3094,23,Male,2,5,5,59
3095,21,Female,4,6,7,55
3096,20,Male,5,8,7,87
3097,24,Male,4,2,5,57
3098,17,Female,6,7,4,58
3099,20,Other,2,8,5,88
3100,21,Male,1,5,4,74
3101,22,Male,0,3,8,82
3102,20,Female,4,1,8,54
3103,24,Female,5,8,7,87
3104,16,Female,2,3,7,66
3105,22,Female,4,4,5,54
3106,22,Male,0,4,4,63
3107,19,Female,0,5,8,87
3108,24,Male,5,7,6,77
3109,20,Female,2,7,7,83
3110,19,Female,5,4,7,54
3111,22,Other,6,6,6,55
3112,19,Male,6,7,4,61
3113,18,Male,1,3,7,73
3114,24,Female,3,1,6,42
3115,23,Female,5,9,8,81
3116,16,Female,6,7,6,78
3117,22,Male,6,6,5,66
3118,24,Male,1,1,4,55
3119,23,Female,1,8,7,100
3120,23,Male,4,6,6,68
3121,21,Female,5,8,6,75
3122,19,Male,2,9,6,100
3123,23,Female,0,9,6,100
3124,18,Female,5,8,5,85
3125,24,Female,2,1,5,52
3126,17,Male,1,8,5,96
3127,17,Female,1,1,5,62
3128,22,Male,2,8,6,100
3129,19,Female,4,3,4,40
3130,23,Male,2,6,5,70
3131,24,Male,0,1,5,54
3132,22,Male,0,7,5,104
3133,20,Male,2,2,8,61
3134,23,Other,5,4,4,42
3135,19,Male,0,8,7,97
3136,17,Female,4,7,4,75
3137,21,Other,0,1,8,48
3138,24,Male,1,4,8,85
3139,16,Female,1,1,6,60
3140,22,Male,0,7,8,100
3141,24,Male,5,9,5,92
3142,24,Male,3,6,4,72
3143,18,Female,6,3,5,25
3144,20,Male,0,4,5,82
3145,23,Female,1,9,5,100
3146,23,Female,2,3,5,58
3147,19,Female,6,6,6,60
3148,16,Male,2,4,7,74
3149,16,Female,3,7,5,85
3150,19,Female,2,8,4,97
3151,21,Female,0,4,6,73
3152,23,Female,7,6,6,53
3153,21,Female,4,5,4,54
3154,24,Male,6,3,4,32
3155,24,Male,5,3,6,58
3156,17,Male,4,5,5,65
3157,16,Male,0,2,8,76
3158,17,Male,5,8,4,73
3159,20,Male,1,1,4,61
3160,19,Male,3,1,6,45
3161,19,Other,5,4,8,63
3162,24,Male,6,2,7,49
3163,23,Female,5,5,5,55
3164,21,Female,5,4,4,40
3165,16,Female,1,7,6,99
3166,17,Female,2,9,5,96
3167,21,Male,0,7,7,98
3168,17,Male,5,2,6,47
3169,20,Male,7,9,5,70
3170,20,Male,2,4,4,68
3171,21,Female,0,5,7,81
3172,21,Female,3,4,6,64
3173,21,Male,6,3,8,40
3174,17,Male,4,9,5,77
3175,18,Male,0,3,7,76
3176,21,Male,7,6,4,42
3177,23,Female,6,3,5,30
3178,16,Male,1,8,7,100
3179,16,Female,7,7,8,75
3180,17,Male,3,3,5,45
3181,21,Male,2,7,7,96
3182,24,Female,3,7,7,84
3183,19,Female,6,6,5,51
3184,18,Other,5,6,8,66
3185,23,Female,0,6,6,94
3186,24,Male,7,1,7,18
3187,20,Male,1,7,6,99
3188,24,Female,5,5,6,44
3189,17,Female,5,4,8,61
3190,18,Female,1,8,5,100
3191,22,Male,1,1,4,47
3192,22,Other,6,3,8,35
3193,21,Male,3,2,8,59
3194,21,Female,5,1,5,26
3195,17,Female,4,3,4,53
3196,21,Male,5,9,7,88
3197,19,Female,3,3,4,46
3198,18,Male,2,6,6,83
3199,17,Other,2,2,4,47
3200,16,Male,6,6,6,60
3201,20,Female,3,9,4,84
3202,17,Male,1,3,7,74
3203,17,Female,7,8,7,75
3204,22,Female,6,9,6,93
3205,23,Male,0,6,4,70
3206,23,Male,7,3,4,19
3207,19,Female,5,7,5,68
3208,16,Male,1,8,6,104
3209,22,Female,1,2,7,65
3210,16,Male,5,5,4,48
3211,19,Female,6,3,7,42
3212,23,Male,1,3,7,68
3213,17,Male,2,8,6,89
3214,21,Male,2,4,5,67
3215,21,Male,4,4,8,55
3216,24,Male,1,6,7,89
3217,20,Female,0,2,8,78
3218,19,Female,5,3,5,46
3219,20,Female,6,5,8,78
3220,20,Female,4,4,4,57
3221,23,Male,2,3,6,67
3222,23,Female,3,1,6,51
3223,17,Male,3,5,6,79
3224,22,Female,7,8,7,66
3225,23,Male,6,8,4,79
3226,21,Male,1,3,8,77
3227,20,Male,3,6,6,82
3228,24,Female,4,8,8,92
3229,18,Male,4,4,4,56
3230,19,Female,3,9,7,100
3231,24,Male,6,9,6,77
3232,21,Female,6,2,6,36
3233,23,Female,4,3,7,54
3234,22,Male,6,2,5,21
3235,17,Female,6,2,5,35
3236,18,Female,6,9,7,93
3237,16,Female,7,9,6,77
3238,24,Female,2,1,5,40
3239,22,Female,2,6,6,83
3240,16,Female,7,6,6,51
3241,18,Male,6,4,7,41
3242,19,Female,7,6,4,39
3243,19,Male,0,9,6,100
3244,20,Male,5,2,7,41
3245,18,Female,1,2,7,58
3246,18,Male,4,1,8,43
3247,16,Male,1,4,6,79
3248,22,Female,1,4,5,67
3249,16,Female,0,4,4,69
3250,17,Female,5,5,5,65
3251,19,Female,2,7,4,84
3252,19,Female,0,4,8,91
3253,20,Male,2,3,8,70
3254,17,Male,1,8,6,98
3255,19,Female,7,8,5,70
3256,16,Male,2,3,4,57
3257,17,Female,2,3,8,78
3258,16,Female,6,8,8,77
3259,19,Male,5,1,5,20
3260,19,Female,5,3,7,49
3261,22,Female,5,5,5,52
3262,24,Male,7,2,5,14
3263,24,Other,1,2,4,60
3264,20,Female,7,4,6,19
3265,16,Male,6,7,4,67
3266,16,Female,4,8,4,61
3267,21,Female,5,9,4,87
3268,17,Female,5,1,5,24
3269,23,Female,0,2,7,69
3270,24,Female,1,7,5,94
3271,19,Male,7,5,8,47
3272,20,Female,4,3,5,39
3273,23,Female,3,2,5,57
3274,18,Male,6,3,5,27
3275,20,Male,4,4,5,57
3276,18,Other,0,2,4,56
3277,18,Female,5,9,5,80
3278,18,Female,5,1,8,26
3279,22,Female,1,9,7,108
3280,22,Female,7,8,8,77
3281,22,Female,1,4,4,77
3282,23,Female,3,7,6,84
3283,20,Male,0,7,5,98
3284,20,Female,4,2,7,47
3285,19,Female,3,4,8,57
3286,22,Female,2,5,8,83
3287,19,Female,6,6,4,38
3288,17,Female,0,5,5,77
3289,19,Male,6,5,4,49
3290,23,Male,4,4,4,59
3291,24,Male,7,5,4,40
3292,18,Male,4,4,5,54
3293,22,Other,0,5,5,84
3294,24,Male,0,8,6,100
3295,19,Male,7,6,6,53
3296,18,Female,6,7,7,75
3297,20,Female,2,6,4,72
3298,16,Male,4,6,4,60
3299,18,Female,3,6,7,76
3300,23,Female,7,1,6,22
3301,23,Male,7,10,4,75
3302,19,Male,7,1,8,18
3303,17,Female,6,4,5,49
3304,23,Female,7,1,5,25
3305,23,Female,1,1,6,54
3306,19,Male,6,8,5,83
3307,18,Male,5,4,6,49
3308,17,Female,7,8,5,66
3309,24,Male,4,3,5,48
3310,16,Male,0,3,8,82
3311,22,Female,4,3,5,37
3312,20,Male,5,6,7,66
3313,23,Female,1,8,5,85
3314,19,Female,3,5,6,65
3315,22,Male,4,4,5,49
3316,20,Female,2,9,7,96
3317,20,Male,3,2,7,60
3318,24,Female,1,5,4,79
3319,24,Male,7,4,4,23
3320,24,Male,6,1,8,38
3321,21,Female,0,3,8,80
3322,21,Male,6,1,6,24
3323,20,Female,5,8,6,72
3324,24,Male,0,6,8,83
3325,23,Male,2,8,4,75
3326,22,Female,4,5,7,56
3327,22,Male,3,6,6,78
3328,21,Male,6,7,7,67
3329,20,Female,3,9,4,71
3330,19,Female,1,1,6,61
3331,18,Female,7,3,6,34
3332,18,Other,1,7,8,100
3333,21,Male,5,9,7,93
3334,19,Female,1,9,8,100
3335,21,Male,2,6,8,84
3336,18,Female,3,2,6,53
3337,19,Male,1,2,4,52
3338,24,Other,3,9,7,100
3339,20,Female,1,4,8,82
3340,22,Female,4,2,4,46
3341,17,Female,5,9,6,82
3342,20,Female,0,1,4,51
3343,24,Female,6,7,4,51
3344,18,Male,1,6,7,99
3345,24,Male,1,1,7,74
3346,21,Male,5,4,7,52
3347,19,Male,3,2,8,62
3348,22,Female,4,6,4,67
3349,23,Female,1,5,4,78
3350,21,Female,6,1,8,34
3351,20,Other,4,9,6,88
3352,21,Female,1,4,5,66
3353,20,Male,2,3,7,68
3354,23,Male,6,3,8,40
3355,16,Male,4,2,7,47
3356,22,Male,0,9,7,100
3357,17,Female,2,3,5,66
3358,24,Female,1,4,5,61
3359,16,Female,4,8,8,91
3360,21,Female,6,6,7,61
3361,24,Female,3,4,5,59
3362,16,Male,3,9,6,93
3363,19,Female,7,7,7,63
3364,19,Male,4,3,5,37
3365,24,Male,4,6,7,63
3366,20,Male,2,9,4,91
3367,20,Female,4,5,5,58
3368,21,Male,4,7,7,79
3369,16,Male,3,9,4,100
3370,16,Female,7,7,5,54
3371,24,Female,7,1,8,37
3372,18,Male,6,3,7,47
3373,19,Male,4,6,6,70
3374,16,Female,3,3,5,57
3375,24,Male,1,9,5,100
3376,23,Female,2,4,6,60
3377,17,Female,6,5,4,53
3378,23,Male,3,7,6,72
3379,22,Male,7,5,6,53
3380,21,Male,1,4,6,84
3381,16,Male,4,1,4,28
3382,22,Male,5,6,4,61
3383,22,Female,4,8,8,90
3384,24,Male,7,7,8,79
3385,16,Female,7,4,6,30
3386,17,Female,0,2,7,60
3387,24,Male,1,8,7,100
3388,24,Male,1,9,4,97
3389,21,Male,5,4,5,44
3390,21,Male,2,7,5,71
3391,19,Female,5,4,6,68
3392,19,Male,3,5,6,76
3393,20,Female,5,8,8,93
3394,18,Male,6,1,7,45
3395,16,Male,4,5,8,68
3396,16,Female,4,2,8,57
3397,22,Female,0,4,8,71
3398,16,Male,3,6,5,65
3399,16,Male,4,1,5,24
3400,18,Female,3,6,6,74
3401,19,Male,7,3,7,39
3402,19,Male,7,7,5,63
3403,17,Female,6,2,8,47
3404,16,Female,3,7,8,100
3405,18,Female,5,6,6,70
3406,19,Female,3,9,6,86
3407,18,Female,1,9,8,100
3408,23,Female,2,3,4,49
3409,16,Female,0,1,4,57
3410,17,Female,2,6,8,93
3411,22,Female,3,6,7,88
3412,19,Male,7,1,6,20
3413,23,Male,2,2,8,49
3414,18,Female,7,6,5,42
3415,21,Female,1,9,7,100
3416,24,Male,1,9,7,100
3417,16,Female,4,2,4,41
3418,16,Male,5,4,5,41
3419,23,Female,0,1,8,69
3420,18,Female,1,5,4,85
3421,20,Female,3,7,4,87
3422,16,Male,2,8,6,94
3423,20,Female,5,5,4,59
3424,21,Male,4,1,8,59
3425,23,Male,1,4,4,64
3426,18,Male,7,9,7,97
3427,18,Female,2,3,5,59
3428,24,Male,5,3,8,53
3429,19,Male,6,7,6,80
3430,19,Female,7,7,5,63
3431,22,Female,3,9,8,100
3432,17,Female,4,4,4,45
3433,23,Female,2,5,6,79
3434,21,Male,5,5,8,55
3435,18,Female,3,9,7,99
3436,24,Female,3,7,7,95
3437,20,Male,6,8,4,66
3438,23,Male,0,2,4,54
3439,22,Male,7,8,4,62
3440,23,Male,6,4,8,51
3441,22,Female,4,1,8,59
3442,18,Female,3,1,5,33
3443,17,Female,2,7,5,83
3444,22,Female,7,4,4,25
3445,18,Male,0,8,5,100
3446,18,Female,4,7,5,76
3447,17,Male,5,1,7,38
3448,19,Other,7,7,8,66
3449,23,Male,6,2,7,34
3450,16,Female,5,4,7,50
3451,16,Male,0,6,7,88
3452,20,Male,2,8,7,97
3453,20,Male,1,5,6,84
3454,16,Female,7,8,5,61
3455,21,Female,6,8,5,79
3456,16,Male,6,4,7,54
3457,20,Female,5,5,8,71
3458,24,Female,4,7,6,89
3459,20,Female,1,1,8,74
3460,21,Female,2,9,4,90
3461,23,Male,1,7,7,100
3462,16,Male,5,3,8,57
3463,17,Female,1,9,7,100
3464,24,Female,5,2,8,40
3465,18,Other,5,9,6,96
3466,21,Female,3,3,5,62
3467,20,Male,1,7,5,99
3468,17,Female,2,5,6,77
3469,22,Male,2,7,8,100
3470,19,Other,5,2,4,32
3471,16,Male,0,3,7,74
3472,19,Female,6,1,7,25
3473,21,Female,6,8,4,78
3474,22,Male,1,3,4,56
3475,22,Male,5,7,5,66
3476,22,Female,5,8,5,85
3477,18,Female,5,9,4,78
3478,21,Male,1,1,4,48
3479,23,Female,1,9,4,99
3480,19,Female,1,2,7,63
3481,23,Male,2,7,7,90
3482,17,Male,6,7,7,87
3483,24,Female,5,1,6,27
3484,24,Female,7,2,8,46
3485,23,Female,0,5,8,94
3486,16,Female,0,4,8,92
3487,17,Male,5,9,5,89
3488,21,Male,2,4,8,76
3489,20,Male,2,9,7,105
3490,24,Male,4,5,5,56
3491,20,Female,0,9,4,89
3492,17,Female,5,7,7,82
3493,19,Male,2,8,4,73
3494,24,Male,5,1,5,37
3495,16,Female,6,6,6,54
3496,16,Female,1,2,7,68
3497,22,Female,7,3,8,37
3498,18,Female,4,6,6,73
3499,17,Female,7,7,7,70
3500,24,Female,1,1,5,63
3501,18,Male,4,5,7,75
3502,17,Male,3,6,6,79
3503,23,Male,6,1,8,38
3504,21,Female,4,5,5,63
3505,21,Female,3,7,6,68
3506,22,Female,7,1,6,15
3507,22,Male,3,7,8,77
3508,21,Male,1,6,8,100
3509,19,Male,4,8,5,89
3510,24,Male,4,2,6,50
3511,21,Female,3,8,7,80
3512,19,Female,3,1,8,52
3513,18,Other,7,4,6,37
3514,19,Female,5,2,4,36
3515,18,Female,0,8,5,100
3516,17,Female,1,7,6,93
3517,20,Male,7,1,6,15
3518,17,Female,5,1,4,28
3519,21,Female,7,3,4,20
3520,18,Female,2,2,7,58
3521,21,Male,5,6,8,63
3522,24,Male,5,6,8,81
3523,16,Male,2,9,7,96
3524,21,Female,4,9,8,95
3525,24,Male,5,6,5,58
3526,19,Female,3,1,7,37
3527,17,Female,6,4,4,38
3528,19,Male,6,5,7,54
3529,16,Female,6,5,8,56
3530,18,Female,6,6,8,66
3531,24,Male,3,9,6,99
3532,20,Female,3,8,7,105
3533,21,Male,6,1,8,47
3534,18,Male,3,3,5,56
3535,20,Female,1,8,7,100
3536,23,Female,4,8,5,80
3537,21,Other,1,3,8,74
3538,19,Female,5,7,4,65
3539,17,Female,2,7,4,82
3540,24,Female,2,5,7,79
3541,16,Female,7,2,4,14
3542,16,Female,6,9,4,77
3543,19,Male,6,7,6,80
3544,22,Female,4,2,8,42
3545,16,Male,6,7,5,67
3546,24,Female,6,7,8,77
3547,19,Male,4,8,8,93
3548,18,Female,7,3,6,28
3549,16,Male,1,9,7,100
3550,19,Male,7,2,4,17
3551,24,Female,3,6,5,88
3552,21,Male,4,6,5,62
3553,21,Female,0,4,4,68
3554,16,Male,4,5,5,58
3555,17,Male,4,9,5,65
3556,21,Male,7,6,7,52
3557,17,Female,7,5,6,42
3558,18,Male,7,2,8,31
3559,19,Female,2,1,4,36
3560,20,Male,7,2,4,7
3561,24,Male,3,9,6,88
3562,19,Male,6,7,4,72
3563,24,Male,1,9,7,100
3564,18,Female,4,1,6,40
3565,23,Female,7,7,6,48
3566,16,Female,7,1,5,12
3567,24,Male,5,8,5,83
3568,24,Male,6,4,6,40
3569,17,Male,1,1,4,54
3570,19,Female,5,6,4,51
3571,23,Male,4,3,6,57
3572,22,Female,0,6,4,83
3573,16,Male,0,6,7,95
3574,20,Male,0,7,5,86
3575,22,Male,5,9,4,84
3576,19,Male,1,4,5,68
3577,16,Female,3,5,5,56
3578,24,Male,2,8,4,77
3579,20,Female,4,6,4,65
3580,17,Male,5,1,5,14
3581,23,Female,5,8,5,74
3582,17,Male,4,1,8,45
3583,18,Female,3,2,8,47
3584,16,Female,3,1,4,40
3585,17,Other,6,1,4,16
3586,22,Male,2,1,7,52
3587,17,Female,2,1,8,53
3588,21,Male,5,4,8,54
3589,18,Male,2,3,4,59
3590,19,Male,6,2,6,25
3591,23,Male,2,6,7,75
3592,18,Other,5,3,8,53
3593,21,Male,0,1,4,27
3594,16,Female,3,4,7,69
3595,22,Female,2,3,5,62
3596,23,Female,6,3,4,31
3597,23,Female,7,5,6,31
3598,18,Male,3,7,4,66
3599,16,Female,6,6,7,53
3600,24,Male,5,9,7,106
3601,21,Female,7,5,8,54
3602,24,Female,6,5,5,45
3603,22,Other,0,2,4,51
3604,16,Male,5,7,5,83
3605,16,Male,4,2,6,47
3606,21,Male,0,5,7,86
3607,20,Male,2,4,5,80
3608,24,Male,7,6,6,39
3609,17,Female,7,9,6,76
3610,23,Male,6,9,4,81
3611,20,Female,7,2,7,27
3612,17,Female,6,3,6,29
3613,21,Female,0,8,8,105
3614,23,Male,2,5,7,90
3615,19,Male,0,5,4,62
3616,17,Male,0,7,6,85
3617,20,Male,1,6,7,98
3618,17,Female,4,9,4,86
3619,17,Male,6,6,7,51
3620,21,Female,6,5,5,41
3621,24,Female,4,5,6,52
3622,19,Female,7,8,8,74
3623,21,Male,4,6,6,69
3624,22,Male,7,6,6,50
3625,21,Female,3,9,4,96
3626,23,Female,2,6,4,92
3627,19,Male,7,4,6,41
3628,16,Male,3,7,6,89
3629,22,Male,4,6,5,72
3630,18,Female,2,1,8,53
3631,21,Male,5,5,5,51
3632,17,Female,7,7,6,58
3633,24,Male,0,5,6,70
3634,16,Female,7,8,6,63
3635,21,Female,0,5,6,81
3636,21,Female,2,9,5,97
3637,20,Male,1,3,8,86
3638,20,Male,6,1,6,30
3639,16,Male,0,4,6,80
3640,20,Female,4,5,7,71
3641,17,Female,2,4,4,61
3642,22,Female,1,3,7,73
3643,18,Male,6,7,6,75
3644,19,Female,1,4,7,79
3645,18,Male,1,6,7,97
3646,18,Female,2,8,8,100
3647,19,Male,4,7,5,75
3648,20,Female,5,4,8,56
3649,16,Male,0,6,5,74
3650,19,Male,1,5,7,77
3651,23,Female,3,8,4,78
3652,22,Male,2,8,4,86
3653,24,Female,7,4,4,34
3654,20,Female,6,1,5,23
3655,19,Female,5,2,4,49
3656,23,Male,2,4,7,72
3657,24,Female,5,6,5,50
3658,22,Female,6,6,7,82
3659,22,Male,4,3,4,45
3660,20,Female,6,7,5,70
3661,19,Male,5,9,6,81
3662,16,Male,4,6,5,63
3663,22,Male,2,2,4,62
3664,16,Male,5,6,8,67
3665,16,Male,1,5,5,93
3666,20,Female,6,8,7,86
3667,24,Female,6,4,5,38
3668,21,Male,6,4,8,58
3669,18,Female,3,6,5,88
3670,18,Female,1,5,8,91
3671,22,Female,0,7,5,91
3672,21,Female,5,1,4,21
3673,24,Female,7,6,6,43
3674,21,Male,5,2,6,46
3675,20,Male,1,3,4,72
3676,22,Male,7,6,5,44
3677,16,Female,7,2,7,25
3678,22,Male,3,3,4,59
3679,18,Female,4,7,6,83
3680,24,Male,6,6,6,67
3681,21,Female,5,1,7,42
3682,24,Male,7,6,4,31
3683,20,Male,0,2,6,58
3684,22,Male,4,3,4,46
3685,19,Male,5,5,5,59
3686,22,Male,7,1,6,30
3687,16,Female,6,9,8,89
3688,22,Male,7,2,4,8
3689,23,Male,4,8,4,70
3690,20,Female,6,8,7,74
3691,17,Male,3,9,5,87
3692,20,Female,3,4,7,66
3693,21,Other,2,8,8,100
3694,17,Male,6,9,8,91
3695,21,Male,7,2,5,18
3696,21,Male,2,5,6,77
3697,16,Female,0,1,8,79
3698,16,Female,6,6,4,48
3699,18,Female,4,6,6,59
3700,18,Female,7,2,5,24
3701,19,Male,2,8,5,85
3702,17,Female,0,1,8,69
3703,24,Female,3,8,7,96
3704,22,Female,0,1,5,68
3705,22,Female,2,6,8,100
3706,21,Female,1,1,6,65
3707,18,Male,1,3,8,72
3708,21,Male,0,7,5,83
3709,23,Female,7,3,5,22
3710,23,Male,2,5,5,74
3711,24,Female,3,9,6,98
3712,16,Male,7,1,5,32
3713,16,Female,5,8,4,64
3714,18,Female,4,1,8,38
3715,18,Male,5,2,8,47
3716,23,Female,6,2,7,33
3717,16,Female,7,9,8,95
3718,17,Female,5,2,8,52
3719,17,Male,7,9,7,75
3720,18,Male,4,9,6,93
3721,21,Male,2,4,8,76
3722,16,Male,7,6,6,48
3723,17,Female,4,8,4,77
3724,16,Other,7,4,5,38
3725,20,Female,0,2,6,60
3726,22,Female,3,4,8,71
3727,23,Female,7,7,7,78
3728,16,Male,2,8,8,100
3729,22,Female,7,3,7,25
3730,20,Male,7,2,5,35
3731,16,Female,7,9,7,89
3732,18,Male,4,1,4,40
3733,22,Male,5,7,6,87
3734,16,Female,6,1,8,39
3735,22,Female,6,8,7,87
3736,20,Female,5,9,8,95
3737,16,Female,7,3,5,28
3738,16,Male,5,1,7,40
3739,16,Female,7,5,5,28
3740,24,Male,0,3,6,69
3741,18,Female,1,4,6,78
3742,20,Female,3,6,6,84
3743,24,Male,3,2,4,38
3744,21,Female,6,4,5,46
3745,24,Female,1,8,7,100
3746,23,Male,7,6,6,50
3747,23,Female,2,3,6,75
3748,16,Female,3,6,6,96
3749,24,Female,2,7,8,100
3750,21,Male,4,6,8,66
3751,24,Male,0,3,5,73
3752,18,Female,1,1,5,55
3753,18,Male,5,8,6,78
3754,21,Other,1,8,4,100
3755,24,Male,1,7,5,94
3756,22,Female,6,1,5,17
3757,18,Female,0,6,5,90
3758,18,Male,3,8,7,98
3759,17,Male,0,4,5,78
3760,24,Female,2,2,4,50
3761,18,Female,5,6,8,70
3762,20,Male,0,8,8,100
3763,24,Female,7,1,8,23
3764,23,Male,7,6,5,51
3765,17,Male,0,6,4,82
3766,18,Female,7,6,4,22
3767,17,Male,2,6,5,89
3768,23,Female,0,6,5,79
3769,21,Male,0,2,8,80
3770,21,Male,3,3,8,69
3771,24,Male,5,6,8,72
3772,23,Female,2,1,7,54
3773,19,Female,6,6,6,59
3774,19,Female,5,6,7,84
3775,24,Male,2,3,8,70
3776,16,Male,5,6,7,69
3777,17,Female,7,5,4,34
3778,17,Male,0,3,4,48
3779,21,Female,2,5,6,66
3780,19,Male,3,9,5,95
3781,18,Female,3,4,8,69
3782,18,Male,4,6,7,67
3783,18,Female,2,1,7,72
3784,21,Male,5,1,4,13
3785,23,Male,5,1,6,40
3786,22,Male,4,8,6,77
3787,19,Male,0,4,7,75
3788,19,Male,3,3,5,50
3789,17,Female,2,7,8,86
3790,16,Female,3,2,7,49
3791,24,Female,7,3,7,31
3792,17,Female,3,4,8,75
3793,23,Female,0,3,8,83
3794,24,Male,3,6,4,62
3795,19,Male,6,4,8,36
3796,23,Male,6,4,4,42
3797,24,Female,4,8,6,85
3798,20,Male,2,8,4,100
3799,22,Male,3,8,7,91
3800,19,Female,4,8,6,79
3801,16,Male,8,6,7,43
3802,18,Female,5,6,7,72
3803,20,Female,5,6,7,66
3804,18,Male,3,8,5,84
3805,22,Male,2,5,8,81
3806,24,Female,6,2,6,35
3807,21,Female,3,8,6,74
3808,16,Male,7,7,8,67
3809,22,Female,3,8,5,76
3810,18,Female,0,2,6,69
3811,20,Male,5,3,7,58
3812,19,Male,0,3,4,54
3813,20,Female,2,5,5,78
3814,20,Male,2,2,8,60
3815,21,Female,5,4,5,43
3816,21,Male,3,2,6,45
3817,23,Female,0,3,7,67
3818,23,Female,4,7,7,73
3819,24,Female,3,8,7,95
3820,23,Male,7,1,8,23
3821,17,Male,4,6,5,60
3822,16,Female,5,1,7,35
3823,17,Male,1,1,7,64
3824,17,Male,6,7,5,72
3825,18,Female,5,7,8,80
3826,22,Male,7,8,8,72
3827,17,Male,0,5,5,80
3828,16,Male,3,8,7,90
3829,21,Female,5,2,7,53
3830,24,Female,0,3,6,69
3831,18,Male,3,2,8,64
3832,21,Male,7,8,7,83
3833,18,Male,3,3,7,52
3834,16,Female,7,2,5,13
3835,20,Male,0,6,6,92
3836,19,Female,5,1,6,32
3837,22,Male,4,1,7,42
3838,21,Other,4,1,7,57
3839,22,Male,7,1,4,4
3840,20,Female,1,7,5,94
3841,19,Male,7,6,6,56
3842,22,Male,5,2,7,47
3843,22,Female,2,3,7,73
3844,21,Female,7,8,6,78
3845,23,Male,3,5,4,57
3846,19,Female,6,7,5,66
3847,20,Female,3,5,5,60
3848,19,Female,6,3,7,53
3849,16,Male,5,9,4,87
3850,23,Female,1,6,6,89
3851,16,Female,5,2,7,46
3852,20,Male,1,4,8,99
3853,21,Female,3,3,9,68
3854,21,Male,1,2,8,77
3855,20,Male,0,9,7,100
3856,18,Female,1,8,7,99
3857,20,Female,4,2,7,53
3858,23,Male,3,4,8,73
3859,17,Male,4,7,8,98
3860,21,Female,1,2,6,56
3861,24,Male,5,6,6,54
3862,23,Female,5,7,6,92
3863,23,Female,2,6,7,87
3864,23,Male,7,7,7,77
3865,22,Female,5,7,8,84
3866,23,Female,5,9,6,81
3867,21,Male,2,4,5,64
3868,17,Female,0,8,8,100
3869,17,Female,6,1,5,18
3870,23,Female,6,3,5,49
3871,16,Female,0,1,7,65
3872,21,Male,2,6,4,78
3873,21,Male,5,1,6,32
3874,19,Male,5,8,5,75
3875,18,Male,6,6,4,54
3876,18,Male,1,1,6,62
3877,16,Female,3,7,5,78
3878,18,Female,0,8,6,100
3879,19,Female,3,6,4,77
3880,20,Female,0,1,7,66
3881,18,Female,7,8,5,79
3882,21,Female,4,7,5,86
3883,20,Female,6,4,5,39
3884,18,Male,0,3,6,80
3885,21,Female,1,5,6,81
3886,21,Female,2,8,6,100
3887,23,Male,3,3,8,74
3888,17,Female,6,1,8,30
3889,16,Female,3,8,7,88
3890,19,Male,1,1,4,45
3891,22,Female,0,9,7,100
3892,18,Male,0,3,4,72
3893,18,Male,6,5,7,64
3894,20,Female,3,2,5,62
3895,20,Female,5,9,8,85
3896,18,Female,5,7,8,85
3897,24,Female,1,9,6,108
3898,19,Male,1,7,6,94
3899,18,Female,6,2,6,35
3900,17,Female,5,3,4,44
3901,24,Other,3,5,8,85
3902,19,Male,0,6,6,95
3903,18,Female,0,9,4,96
3904,22,Female,2,4,7,84
3905,23,Female,0,7,5,97
3906,17,Female,1,9,4,94
3907,22,Male,3,2,6,47
3908,20,Female,0,8,7,100
3909,20,Female,0,4,6,80
3910,18,Male,7,7,7,68
3911,20,Female,4,3,4,36
3912,17,Female,7,4,6,34
3913,19,Male,2,1,5,47
3914,21,Female,5,9,8,85
3915,16,Male,1,8,4,90
3916,19,Male,4,1,5,35
3917,21,Female,1,10,8,100
3918,24,Male,0,6,8,100
3919,17,Male,7,8,8,79
3920,22,Male,4,1,4,37
3921,21,Male,7,4,6,31
3922,17,Female,2,7,6,87
3923,23,Female,2,1,8,58
3924,22,Female,3,5,4,63
3925,20,Female,5,4,4,40
3926,20,Male,4,2,6,49
3927,22,Female,7,3,4,35
3928,24,Female,0,9,7,100
3929,24,Female,5,3,8,43
3930,24,Female,2,2,7,57
3931,21,Female,1,5,6,80
3932,21,Female,4,7,8,71
3933,18,Male,4,7,4,71
3934,16,Female,1,7,5,94
3935,22,Male,1,1,6,60
3936,19,Male,3,4,4,55
3937,16,Male,3,7,4,77
3938,23,Male,2,9,5,96
3939,21,Male,1,6,8,96
3940,21,Male,0,1,8,59
3941,17,Female,7,4,6,34
3942,16,Female,7,1,4,7
3943,17,Other,3,7,4,78
3944,19,Male,7,1,5,26
3945,17,Female,5,2,5,32
3946,16,Female,0,4,4,79
3947,22,Male,0,5,7,79
3948,23,Female,7,4,6,47
3949,21,Female,5,5,5,53
3950,19,Male,6,7,7,67
3951,21,Female,7,4,7,31
3952,18,Female,3,5,6,59
3953,23,Male,0,3,4,70
3954,17,Male,1,4,8,76
3955,20,Male,0,6,7,100
3956,16,Male,1,5,5,81
3957,21,Female,3,7,7,91
3958,17,Female,0,6,6,88
3959,19,Male,1,8,7,91
3960,21,Female,3,4,6,62
3961,23,Male,2,5,6,68
3962,23,Male,3,7,7,90
3963,21,Male,3,2,7,61
3964,19,Female,5,4,4,55
3965,23,Male,7,6,4,34
3966,23,Male,0,1,5,39
3967,16,Male,0,4,6,77
3968,19,Female,6,6,5,41
3969,19,Other,4,9,7,100
3970,22,Male,6,8,4,75
3971,22,Male,1,3,7,69
3972,23,Female,6,5,7,42
3973,20,Female,7,1,4,13
3974,22,Male,5,3,7,54
3975,23,Female,0,7,8,100
3976,24,Female,7,2,4,22
3977,18,Male,6,3,8,39
3978,18,Female,6,9,7,77
3979,19,Female,0,8,6,99
3980,20,Female,6,8,4,67
3981,16,Male,1,8,7,100
3982,22,Male,1,7,6,100
3983,24,Male,4,2,7,56
3984,23,Male,2,5,8,80
3985,20,Female,5,5,6,61
3986,19,Female,4,3,5,49
3987,22,Female,0,8,4,99
3988,20,Other,5,5,4,60
3989,22,Male,7,1,8,27
3990,16,Female,1,3,4,59
3991,16,Female,4,3,5,42
3992,18,Male,2,8,5,101
3993,17,Female,3,6,8,81
3994,17,Male,2,6,6,86
3995,22,Female,2,5,8,75
3996,17,Female,0,6,7,90
3997,19,Male,7,7,8,72
3998,17,Female,5,5,4,52
3999,21,Female,4,9,5,95
4000,23,Male,3,9,4,88
4001,19,Male,4,9,6,88
4002,20,Male,3,7,7,86
4003,19,Female,2,9,4,100
4004,18,Female,3,4,4,60
4005,20,Female,2,8,7,108
4006,24,Female,1,9,5,100
4007,23,Female,4,9,6,89
4008,23,Male,6,8,4,75
4009,23,Female,1,4,7,89
4010,23,Male,0,2,6,61
4011,22,Male,1,4,7,65
4012,23,Female,7,7,5,65
4013,23,Male,6,3,5,41
4014,23,Female,4,5,8,67
4015,22,Female,7,6,7,47
4016,16,Male,3,6,6,81
4017,19,Male,7,9,7,80
4018,19,Female,2,6,4,77
4019,20,Female,1,8,8,100
4020,21,Male,5,6,7,68
4021,19,Male,3,8,6,92
4022,17,Female,5,3,8,55
4023,21,Female,2,2,4,63
4024,23,Male,4,9,7,80
4025,23,Male,2,7,8,96
4026,22,Female,0,7,5,88
4027,21,Female,7,5,4,26
4028,17,Other,7,4,7,59
4029,22,Female,7,6,4,34
4030,20,Female,5,2,8,40
4031,21,Male,5,5,4,54
4032,23,Female,4,5,7,64
4033,23,Male,1,5,5,76
4034,18,Female,1,6,5,87
4035,22,Male,2,9,8,100
4036,16,Male,7,6,7,60
4037,16,Female,1,8,5,100
4038,22,Female,7,6,5,53
4039,24,Male,4,6,7,82
4040,22,Female,5,1,8,46
4041,20,Male,0,2,7,64
4042,23,Male,2,6,7,86
4043,17,Female,7,4,5,28
4044,24,Male,2,8,8,100
4045,21,Female,2,5,7,89
4046,24,Male,1,8,6,107
4047,17,Female,1,9,6,100
4048,18,Female,1,2,6,68
4049,23,Male,5,4,8,54
4050,16,Male,3,6,7,74
4051,22,Female,4,3,8,52
4052,22,Female,0,3,6,58
4053,16,Male,6,8,7,88
4054,24,Female,6,9,8,104
4055,23,Male,0,7,5,92
4056,19,Male,3,5,6,69
4057,20,Female,0,4,7,79
4058,17,Male,6,5,8,57
4059,24,Female,5,5,4,44
4060,21,Female,7,5,5,41
4061,18,Female,1,2,5,65
4062,22,Female,3,9,5,84
4063,24,Female,1,7,5,96
4064,18,Female,2,7,6,83
4065,17,Female,4,9,8,99
4066,22,Other,0,3,7,62
4067,22,Female,5,1,5,36
4068,19,Male,4,8,8,97
4069,24,Female,6,9,7,91
4070,23,Female,2,6,5,84
4071,16,Female,7,1,5,20
4072,16,Female,7,8,7,70
4073,20,Female,7,1,7,25
4074,21,Other,6,5,6,55
4075,18,Male,6,3,4,33
4076,24,Female,4,9,8,100
4077,21,Male,1,5,5,87
4078,19,Female,5,9,7,98
4079,22,Female,5,3,7,36
4080,23,Male,7,4,5,20
4081,24,Male,4,9,5,93
4082,21,Female,2,2,4,48
4083,21,Male,5,6,5,61
4084,23,Male,7,4,4,27
4085,20,Female,1,7,7,94
4086,18,Male,2,2,6,60
4087,18,Female,4,4,6,64
4088,21,Female,1,7,7,100
4089,17,Male,0,4,8,84
4090,21,Male,2,1,8,59
4091,21,Female,6,7,5,65
4092,23,Female,0,5,6,90
4093,22,Female,3,1,4,21
4094,23,Female,6,6,4,52
4095,24,Female,7,9,7,77
4096,21,Male,7,2,6,13
4097,18,Male,3,6,7,74
4098,18,Male,7,7,6,68
4099,16,Male,0,1,4,53
4100,20,Female,5,1,8,23
4101,19,Female,5,5,4,39
4102,24,Male,2,8,4,91
4103,24,Female,4,2,5,39
4104,20,Male,1,8,8,100
4105,19,Male,6,6,6,48
4106,22,Female,2,3,6,59
4107,21,Male,5,5,7,74
4108,19,Male,1,9,7,108
4109,17,Male,1,2,8,82
4110,16,Male,7,5,6,43
4111,19,Female,6,6,8,66
4112,19,Female,7,2,7,22
4113,16,Male,2,1,6,52
4114,21,Male,1,1,5,59
4115,19,Female,4,3,8,62
4116,16,Female,3,1,7,48
4117,16,Male,1,8,7,100
4118,16,Male,5,9,7,83
4119,23,Female,2,1,6,57
4120,23,Female,1,4,4,71
4121,17,Male,2,1,5,36
4122,22,Female,4,2,6,54
4123,23,Male,5,3,4,33
4124,23,Female,3,4,6,59
4125,22,Female,4,9,7,100
4126,20,Female,1,4,4,84
4127,16,Male,7,5,4,45
4128,24,Male,7,3,8,38
4129,22,Male,5,1,7,35
4130,17,Female,0,9,4,100
4131,21,Male,4,1,8,66
4132,17,Male,5,9,7,99
4133,16,Male,7,2,5,8
4134,22,Female,7,6,5,46
4135,17,Male,6,9,4,72
4136,17,Male,0,2,8,60
4137,20,Male,7,4,6,38
4138,20,Female,4,8,6,77
4139,22,Female,6,1,8,34
4140,16,Female,3,7,4,80
4141,23,Female,2,1,4,41
4142,18,Female,3,3,4,57
4143,19,Male,1,2,4,54
4144,24,Female,2,9,7,100
4145,19,Male,6,2,7,19
4146,20,Male,0,1,5,47
4147,22,Female,1,6,4,77
4148,19,Male,1,4,4,68
4149,16,Male,3,4,8,76
4150,24,Male,7,2,7,21
4151,19,Female,1,7,6,100
4152,24,Male,1,6,5,80
4153,21,Female,7,4,6,29
4154,16,Female,7,2,4,21
4155,18,Female,0,6,8,100
4156,17,Male,6,8,7,84
4157,24,Female,5,3,7,53
4158,16,Male,6,1,6,36
4159,24,Male,3,2,6,44
4160,24,Male,7,7,5,47
4161,23,Female,0,9,5,100
4162,23,Male,1,1,6,60
4163,16,Male,3,3,4,62
4164,23,Male,3,1,4,30
4165,18,Male,7,3,6,31
4166,22,Female,4,4,8,65
4167,16,Female,0,9,8,100
4168,16,Female,3,1,4,31
4169,20,Male,3,7,4,80
4170,20,Male,7,4,6,41
4171,23,Other,4,8,8,98
4172,22,Male,5,5,8,82
4173,23,Female,5,1,8,42
4174,21,Male,6,9,7,90
4175,21,Female,5,1,5,35
4176,17,Male,1,6,4,86
4177,21,Male,6,8,4,75
4178,20,Female,5,1,7,30
4179,18,Female,5,5,4,53
4180,21,Male,7,8,7,75
4181,23,Female,6,9,7,94
4182,24,Female,6,7,4,54
4183,16,Male,7,3,8,47
4184,18,Male,1,7,6,97
4185,18,Male,3,7,8,86
4186,23,Male,4,7,8,71
4187,16,Female,2,8,4,83
4188,20,Male,6,1,5,19
4189,18,Male,6,1,4,18
4190,17,Male,5,6,7,68
4191,23,Female,7,9,6,79
4192,18,Male,2,5,8,94
4193,22,Male,5,9,5,88
4194,16,Male,4,9,7,87
4195,21,Female,2,9,8,100
4196,18,Male,1,9,7,100
4197,23,Female,7,9,4,66
4198,21,Male,4,8,6,80
4199,17,Male,6,7,4,68
4200,21,Female,4,1,4,30
4201,22,Male,1,2,5,52
4202,20,Female,2,2,5,44
4203,18,Female,3,1,7,44
4204,19,Female,7,2,5,16
4205,19,Female,0,9,7,100
4206,21,Male,7,6,4,34
4207,16,Male,7,3,4,25
4208,19,Female,7,8,4,54
4209,19,Female,3,5,5,57
4210,16,Female,7,2,5,24
4211,24,Male,3,8,7,95
4212,19,Male,0,4,8,75
4213,22,Female,1,7,5,88
4214,18,Male,7,3,4,19
4215,18,Male,0,5,4,86
4216,23,Male,4,8,8,90
4217,23,Female,0,2,7,70
4218,16,Male,2,9,7,100
4219,17,Female,0,1,4,67
4220,23,Male,6,5,4,32
4221,16,Female,4,9,4,77
4222,23,Female,7,9,8,93
4223,23,Male,5,3,5,46
4224,17,Female,7,2,7,23
4225,19,Male,4,7,6,83
4226,21,Male,5,1,6,41
4227,24,Female,4,5,4,52
4228,23,Male,3,8,7,93
4229,23,Male,6,6,4,41
4230,22,Male,5,2,8,41
4231,24,Male,6,5,4,34
4232,17,Female,6,9,4,73
4233,18,Male,1,6,5,73
4234,23,Female,5,7,8,94
4235,21,Female,1,4,5,74
4236,24,Male,4,2,6,42
4237,19,Male,5,3,4,45
4238,23,Female,7,5,4,26
4239,18,Male,0,3,7,73
4240,18,Male,0,5,4,76
4241,23,Male,0,7,7,100
4242,20,Female,3,7,7,91
4243,18,Female,6,2,8,51
4244,16,Male,6,7,4,69
4245,18,Male,5,7,6,71
4246,24,Female,7,1,8,22
4247,20,Female,2,1,7,55
4248,17,Female,0,6,4,85
4249,22,Female,0,4,6,71
4250,17,Male,6,2,8,33
4251,19,Female,5,1,6,31
4252,22,Male,5,2,8,43
4253,19,Male,2,9,6,98
4254,22,Female,3,7,4,71
4255,22,Male,7,5,4,38
4256,16,Other,0,9,4,94
4257,21,Male,6,6,4,57
4258,24,Female,2,7,8,95
4259,17,Female,0,3,7,88
4260,18,Male,5,6,7,60
4261,20,Female,2,2,7,66
4262,24,Male,5,4,5,47
4263,19,Female,5,1,5,30
4264,16,Male,4,2,8,47
4265,19,Female,6,1,6,38
4266,21,Male,4,4,6,57
4267,20,Male,2,8,8,92
4268,16,Male,5,4,5,43
4269,19,Male,4,8,8,80
4270,21,Female,0,6,8,100
4271,19,Female,7,5,5,37
4272,24,Female,4,3,4,35
4273,20,Male,6,9,8,91
4274,23,Female,7,1,6,19
4275,24,Male,3,7,4,64
4276,20,Female,4,6,6,71
4277,21,Other,3,4,7,67
4278,16,Male,3,3,7,63
4279,22,Male,7,4,8,47
4280,19,Male,6,8,8,96
4281,17,Female,1,8,8,100
4282,20,Female,4,9,4,66
4283,18,Female,7,3,7,33
4284,21,Male,4,4,5,47
4285,23,Female,6,1,4,12
4286,22,Female,6,9,8,100
4287,18,Male,2,3,6,77
4288,23,Female,2,4,8,84
4289,17,Male,5,9,4,77
4290,24,Male,4,5,8,65
4291,19,Female,4,6,4,66
4292,16,Male,5,2,4,47
4293,23,Female,6,5,6,51
4294,22,Female,2,9,5,109
4295,20,Male,1,6,6,88
4296,20,Female,2,3,8,75
4297,22,Female,4,1,7,38
4298,20,Male,2,4,5,59
4299,23,Male,4,6,4,65
4300,21,Male,0,1,6,64
4301,20,Male,4,6,6,81
4302,24,Male,2,5,7,89
4303,17,Male,4,8,5,67
4304,16,Male,3,1,7,60
4305,23,Female,2,8,4,97
4306,18,Male,7,5,6,56
4307,22,Female,1,4,7,81
4308,23,Female,5,9,5,92
4309,21,Female,7,2,8,28
4310,24,Male,4,5,7,73
4311,22,Female,7,3,7,45
4312,20,Female,1,5,6,85
4313,23,Female,3,5,8,80
4314,17,Male,3,1,7,50
4315,22,Male,0,6,5,83
4316,19,Female,3,6,5,74
4317,24,Male,2,7,4,87
4318,16,Male,5,1,4,39
4319,22,Male,7,3,8,58
4320,21,Female,0,6,6,97
4321,23,Other,2,2,8,62
4322,20,Male,3,7,4,83
4323,16,Female,3,1,6,52
4324,16,Female,6,4,8,60
4325,24,Female,3,8,4,87
4326,21,Female,0,7,6,98
4327,20,Female,5,6,8,72
4328,16,Female,7,8,8,82
4329,21,Male,4,7,8,89
4330,21,Female,4,5,8,67
4331,18,Male,1,9,7,100
4332,23,Male,1,7,5,93
4333,16,Female,1,6,7,88
4334,16,Female,3,4,8,78
4335,21,Female,7,9,6,70
4336,16,Male,4,3,5,55
4337,21,Male,1,1,6,56
4338,16,Female,2,2,7,77
4339,21,Male,3,1,5,40
4340,18,Female,4,3,7,53
4341,23,Male,3,8,6,84
4342,21,Male,3,6,7,87
4343,16,Other,4,2,5,48
4344,20,Male,1,8,4,106
4345,23,Male,0,5,7,79
4346,18,Male,0,5,6,85
4347,21,Female,2,4,5,68
4348,20,Female,0,8,5,90
4349,21,Male,2,3,5,60
4350,16,Male,6,1,6,30
4351,22,Female,5,3,8,65
4352,24,Male,4,7,7,88
4353,17,Female,6,6,8,74
4354,20,Male,2,2,6,53
4355,19,Male,7,2,6,33
4356,21,Female,3,6,5,64
4357,21,Male,3,7,7,71
4358,17,Female,3,4,6,59
4359,17,Male,0,8,7,100
4360,19,Male,7,9,6,78
4361,16,Other,1,2,4,54
4362,24,Male,2,6,4,86
4363,22,Female,2,1,8,56
4364,22,Male,0,7,5,83
4365,18,Female,1,4,5,71
4366,18,Female,0,2,8,69
4367,16,Male,2,7,7,81
4368,18,Female,6,8,4,56
4369,18,Female,2,2,4,38
4370,19,Male,0,1,5,55
4371,19,Female,5,4,6,59
4372,18,Female,7,6,7,45
4373,23,Male,1,8,5,100
4374,23,Male,2,5,8,95
4375,16,Male,7,6,4,38
4376,22,Male,1,8,5,94
4377,17,Female,4,5,8,78
4378,16,Female,1,6,4,84
4379,18,Female,7,5,8,62
4380,19,Male,7,8,7,64
4381,21,Male,6,3,4,28
4382,20,Female,2,3,6,55
4383,19,Female,3,2,6,63
4384,23,Female,1,8,8,98
4385,19,Male,7,4,6,45
4386,17,Male,7,4,6,38
4387,18,Male,3,9,4,87
4388,21,Other,5,9,7,94
4389,23,Male,1,9,5,106
4390,23,Female,3,2,4,38
4391,24,Female,5,9,8,118
4392,22,Male,3,3,5,56
4393,17,Female,2,1,4,42
4394,23,Female,0,4,7,96
4395,22,Female,6,5,8,53
4396,23,Male,7,1,4,12
4397,18,Male,7,5,4,34
4398,22,Male,5,8,4,84
4399,24,Male,4,4,4,44
4400,18,Female,2,4,7,64
4401,21,Female,7,4,6,36
4402,17,Male,4,9,7,102
4403,17,Female,5,1,6,21
4404,20,Female,5,5,8,60
4405,20,Male,6,3,6,33
4406,22,Male,0,9,8,100
4407,17,Female,1,1,6,64
4408,22,Female,5,4,7,56
4409,20,Female,7,4,6,41
4410,21,Male,5,9,6,84
4411,23,Male,3,2,8,63
4412,19,Male,2,6,4,80
4413,22,Female,5,2,6,37
4414,21,Female,5,9,7,107
4415,17,Male,4,6,7,85
4416,23,Female,2,6,6,87
4417,24,Female,7,4,6,43
4418,20,Female,4,4,5,42
4419,19,Other,6,2,8,47
4420,21,Male,1,6,5,93
4421,23,Female,2,9,7,100
4422,18,Male,7,4,4,24
4423,16,Male,0,8,5,92
4424,19,Female,4,2,5,50
4425,19,Female,3,9,7,100
4426,16,Female,6,4,5,37
4427,24,Female,2,4,4,50
4428,18,Female,1,5,4,84
4429,20,Female,7,7,5,53
4430,21,Male,4,7,4,61
4431,23,Female,0,5,5,81
4432,21,Female,1,5,7,88
4433,18,Male,7,1,6,13
4434,21,Male,1,3,6,73
4435,16,Female,4,4,8,52
4436,19,Female,3,6,6,83
4437,21,Female,7,6,8,54
4438,22,Female,6,7,5,75
4439,18,Male,4,7,6,56
4440,24,Female,0,3,5,56
4441,22,Female,7,7,6,73
4442,16,Female,3,1,6,50
4443,17,Female,7,7,5,56
4444,16,Female,3,1,7,51
4445,24,Female,5,7,6,77
4446,24,Female,0,5,4,66
4447,22,Male,5,4,6,45
4448,18,Female,2,7,7,87
4449,20,Male,2,1,5,47
4450,19,Male,0,3,4,51
4451,22,Female,1,6,8,92
4452,24,Male,1,8,8,100
4453,17,Female,2,4,4,61
4454,23,Male,7,3,8,44
4455,24,Male,2,5,5,73
4456,24,Female,5,6,8,57
4457,22,Male,0,4,7,81
4458,24,Female,4,8,8,99
4459,24,Male,3,5,7,77
4460,18,Male,7,1,4,1
4461,19,Male,6,3,4,33
4462,17,Male,3,5,6,66
4463,18,Female,6,7,4,70
4464,20,Male,1,2,6,66
4465,20,Female,4,9,8,97
4466,21,Female,0,3,5,71
4467,22,Female,2,5,6,88
4468,22,Female,1,1,5,55
4469,16,Male,5,8,7,83
4470,17,Male,3,8,4,71
4471,24,Female,6,2,5,30
4472,17,Female,4,9,8,83
4473,21,Female,0,3,8,73
4474,16,Female,5,7,7,72
4475,18,Male,6,8,7,74
4476,17,Male,7,7,6,60
4477,18,Female,4,9,7,94
4478,20,Female,6,8,5,68
4479,21,Male,6,9,4,86
4480,24,Female,1,2,5,68
4481,19,Male,1,3,4,67
4482,22,Male,0,6,5,79
4483,21,Female,2,7,5,87
4484,17,Female,3,5,7,71
4485,23,Female,7,1,5,1
4486,22,Male,3,8,7,100
4487,22,Male,5,9,6,89
4488,23,Female,5,4,8,56
4489,16,Male,1,3,4,71
4490,16,Female,0,1,7,65
4491,23,Female,4,3,7,45
4492,19,Female,5,7,8,77
4493,20,Male,7,9,5,60
4494,23,Female,2,1,5,45
4495,20,Male,7,5,4,44
4496,19,Male,3,7,5,63
4497,21,Male,5,3,6,47
4498,20,Male,4,6,8,76
4499,22,Female,0,7,5,78
4500,22,Male,0,8,4,87
4501,19,Male,0,5,5,84
4502,20,Other,2,7,4,74
4503,18,Male,5,3,8,55
4504,19,Female,1,2,8,68
4505,19,Male,4,2,5,36
4506,18,Male,2,4,5,60
4507,20,Female,6,1,8,29
4508,20,Male,6,3,4,31
4509,22,Female,6,6,7,65
4510,19,Male,4,6,8,83
4511,19,Male,2,1,6,57
4512,24,Male,6,3,4,21
4513,21,Male,1,6,5,78
4514,19,Male,2,3,8,79
4515,17,Female,1,4,4,79
4516,21,Female,5,7,5,92
4517,17,Male,5,1,7,44
4518,20,Male,5,3,8,62
4519,21,Female,3,2,6,56
4520,19,Female,0,2,5,59
4521,18,Female,7,9,7,68
4522,22,Female,4,4,5,56
4523,17,Male,3,5,5,67
4524,21,Male,4,7,8,92
4525,19,Female,1,1,4,61
4526,21,Female,1,3,4,61
4527,19,Female,3,8,5,83
4528,19,Male,1,8,6,100
4529,19,Other,1,4,7,78
4530,24,Female,7,4,7,39
4531,22,Male,4,7,7,73
4532,18,Female,3,3,7,59
4533,18,Male,5,2,7,33
4534,21,Male,7,3,5,21
4535,21,Male,0,4,5,69
4536,19,Male,6,1,7,44
4537,24,Male,4,5,4,60
4538,19,Female,1,7,5,89
4539,24,Male,2,5,6,58
4540,19,Female,3,1,6,41
4541,17,Male,5,4,6,47
4542,17,Male,1,7,7,100
4543,20,Female,4,1,6,52
4544,19,Female,5,1,8,36
4545,22,Female,3,4,5,60
4546,20,Other,6,2,6,24
4547,21,Male,6,9,4,64
4548,19,Male,3,6,5,65
4549,17,Female,7,3,8,33
4550,24,Other,0,7,5,82
4551,22,Female,0,4,5,76
4552,19,Female,3,2,6,64
4553,18,Female,4,3,4,37
4554,18,Male,5,6,6,69
4555,24,Female,3,1,5,36
4556,20,Female,1,3,5,72
4557,18,Female,1,2,7,81
4558,20,Male,6,2,7,42
4559,17,Male,6,7,6,60
4560,19,Male,5,8,6,83
4561,17,Male,5,7,7,91
4562,17,Female,4,6,7,78
4563,23,Male,1,9,4,95
4564,16,Male,3,1,5,48
4565,22,Male,5,2,5,41
4566,20,Female,4,4,4,63
4567,23,Female,0,4,4,63
4568,16,Male,7,4,4,26
4569,22,Male,6,2,8,34
4570,20,Male,2,2,6,65
4571,19,Female,4,5,5,64
4572,22,Male,7,9,7,83
4573,17,Female,0,4,7,87
4574,16,Male,4,1,5,44
4575,16,Male,3,7,6,82
4576,16,Female,3,3,4,49
4577,20,Male,6,3,6,25
4578,22,Female,3,3,5,60
4579,17,Male,0,7,6,95
4580,23,Female,0,8,6,95
4581,19,Female,0,6,7,92
4582,18,Female,3,3,6,59
4583,23,Male,5,3,6,43
4584,17,Male,1,2,4,58
4585,18,Male,5,9,7,101
4586,18,Female,5,6,8,69
4587,16,Female,2,1,7,62
4588,21,Male,4,6,8,80
4589,17,Male,5,5,4,51
4590,16,Female,3,9,5,96
4591,17,Male,2,8,6,89
4592,21,Male,4,2,5,51
4593,19,Male,7,7,4,50
4594,21,Female,3,5,6,66
4595,24,Female,3,2,5,36
4596,23,Other,3,7,5,77
4597,16,Male,0,5,8,97
4598,23,Female,4,1,5,37
4599,24,Female,2,6,4,80
4600,21,Male,0,6,4,88
4601,20,Female,3,2,8,50
4602,21,Male,0,4,7,73
4603,21,Male,3,6,4,79
4604,24,Male,0,2,5,55
4605,19,Male,0,8,7,92
4606,17,Female,6,1,5,27
4607,24,Male,7,1,8,30
4608,17,Male,1,2,6,58
4609,24,Male,4,5,4,59
4610,17,Female,2,6,8,83
4611,23,Female,3,4,5,57
4612,24,Female,3,3,5,49
4613,24,Female,2,8,5,80
4614,24,Male,5,1,7,51
4615,17,Male,1,3,4,77
4616,19,Female,0,1,5,49
4617,22,Male,6,1,4,26
4618,17,Male,5,4,8,60
4619,16,Female,3,2,5,49
4620,18,Male,3,3,5,57
4621,19,Male,3,8,6,84
4622,23,Male,3,2,7,55
4623,21,Male,3,8,8,96
4624,17,Female,4,7,5,72
4625,24,Female,4,3,8,69
4626,17,Female,5,5,6,50
4627,20,Female,5,5,4,50
4628,19,Male,3,2,8,68
4629,22,Male,3,9,6,84
4630,23,Male,2,6,7,75
4631,20,Male,4,8,8,85
4632,20,Other,3,8,6,87
4633,17,Female,7,1,4,21
4634,23,Male,5,2,8,51
4635,17,Male,7,2,5,15
4636,21,Male,5,8,6,85
4637,23,Male,7,8,5,68
4638,21,Male,5,5,5,66
4639,19,Female,7,1,7,30
4640,19,Female,1,2,6,74
4641,21,Female,0,8,7,99
4642,19,Male,4,9,8,85
4643,23,Male,7,2,5,27
4644,24,Female,3,1,6,41
4645,16,Female,1,3,7,81
4646,19,Female,4,1,7,46
4647,19,Female,5,8,6,95
4648,17,Female,2,5,5,62
4649,21,Female,5,6,6,65
4650,18,Male,7,4,6,26
4651,22,Female,7,4,5,26
4652,20,Male,2,3,7,65
4653,19,Male,2,7,4,79
4654,20,Female,2,7,8,97
4655,23,Male,3,4,7,74
4656,18,Male,0,3,5,56
4657,22,Male,6,1,4,14
4658,21,Male,2,1,7,55
4659,16,Male,7,6,7,63
4660,22,Male,7,5,8,56
4661,22,Male,0,4,5,79
4662,16,Male,7,8,4,62
4663,24,Other,5,5,8,67
4664,21,Male,4,4,5,69
4665,17,Male,3,2,7,56
4666,20,Female,4,8,4,75
4667,19,Female,2,6,7,84
4668,22,Female,4,1,4,22
4669,23,Male,0,6,7,100
4670,16,Female,4,4,6,60
4671,20,Female,2,8,8,100
4672,18,Female,0,9,4,97
4673,16,Female,4,6,5,64
4674,18,Female,4,7,4,66
4675,21,Female,3,1,8,53
4676,22,Female,0,6,6,91
4677,23,Male,7,7,6,64
4678,19,Female,4,5,4,49
4679,18,Female,0,6,6,87
4680,20,Male,4,9,5,76
4681,24,Other,3,2,5,49
4682,21,Male,0,1,7,69
4683,24,Male,4,7,4,52
4684,21,Female,6,8,7,76
4685,17,Male,5,8,8,80
4686,20,Male,1,6,8,95
4687,24,Male,6,8,7,82
4688,23,Male,2,7,5,73
4689,22,Male,7,1,7,28
4690,16,Male,0,7,4,82
4691,19,Male,3,2,4,33
4692,22,Other,4,3,7,49
4693,22,Other,1,4,8,97
4694,21,Male,6,3,4,32
4695,23,Female,5,3,4,43
4696,21,Male,0,2,6,65
4697,18,Male,4,3,5,38
4698,19,Male,3,1,7,38
4699,18,Other,1,5,5,81
4700,16,Female,7,7,4,59
4701,20,Male,7,8,6,71
4702,16,Male,2,8,8,100
4703,16,Male,4,4,7,60
4704,17,Female,2,7,8,94
4705,19,Female,6,3,5,32
4706,21,Male,7,1,8,16
4707,23,Female,2,7,5,88
4708,18,Male,6,6,8,57
4709,16,Female,3,8,6,76
4710,18,Female,3,6,5,70
4711,18,Male,7,2,5,14
4712,20,Female,4,8,6,74
4713,19,Female,3,6,4,63
4714,19,Male,5,8,8,98
4715,24,Male,2,7,5,80
4716,22,Female,2,3,5,56
4717,19,Male,7,1,5,18
4718,18,Male,5,2,4,23
4719,21,Male,6,1,7,35
4720,18,Female,2,3,6,58
4721,21,Female,4,5,8,68
4722,24,Female,7,9,4,55
4723,21,Female,2,8,8,97
4724,19,Male,1,7,5,100
4725,20,Female,4,1,8,50
4726,21,Female,3,4,4,62
4727,18,Male,1,7,7,100
4728,23,Male,7,2,6,19
4729,19,Male,7,8,5,70
4730,23,Female,4,9,4,88
4731,18,Female,6,4,7,49
4732,22,Female,6,7,4,68
4733,24,Other,5,2,6,29
4734,19,Male,0,7,7,99
4735,23,Female,1,1,7,70
4736,18,Female,0,2,8,70
4737,22,Male,0,7,5,100
4738,18,Other,2,7,5,68
4739,22,Male,3,6,5,74
4740,21,Female,1,5,7,87
4741,17,Female,0,7,8,95
4742,18,Female,4,7,8,91
4743,21,Female,2,9,8,100
4744,19,Male,6,9,8,99
4745,21,Female,0,8,8,100
4746,16,Male,6,7,5,71
4747,16,Female,7,6,8,47
4748,18,Female,5,2,7,35
4749,23,Female,5,2,4,27
4750,23,Male,7,8,4,67
4751,19,Female,1,8,5,94
4752,21,Female,7,6,7,46
4753,23,Female,6,4,7,44
4754,22,Male,5,1,5,14
4755,22,Male,2,3,7,63
4756,19,Male,4,4,4,60
4757,24,Female,5,5,8,63
4758,21,Female,4,9,7,86
4759,18,Other,5,1,8,50
4760,20,Male,0,5,4,70
4761,20,Male,2,4,8,85
4762,20,Female,3,9,5,100
4763,23,Female,2,8,6,92
4764,24,Female,1,4,6,81
4765,24,Female,1,10,7,100
4766,21,Male,2,5,8,74
4767,21,Female,3,2,7,59
4768,24,Female,0,6,8,99
4769,19,Female,7,3,5,15
4770,21,Male,6,6,5,68
4771,19,Male,5,9,6,82
4772,16,Male,1,8,5,100
4773,22,Female,4,3,8,53
4774,21,Male,4,3,7,66
4775,24,Male,7,1,6,20
4776,22,Male,5,3,7,53
4777,22,Female,4,1,6,30
4778,17,Male,6,5,4,40
4779,24,Female,1,7,6,97
4780,24,Male,0,7,7,99
4781,21,Male,5,1,8,40
4782,18,Female,0,4,4,72
4783,16,Male,0,3,6,71
4784,19,Male,5,1,4,21
4785,18,Male,2,4,4,62
4786,16,Female,5,3,7,45
4787,18,Female,7,6,5,45
4788,19,Male,2,8,7,99
4789,23,Male,1,5,6,77
4790,24,Other,0,7,5,82
4791,18,Female,1,2,6,74
4792,21,Male,0,9,4,91
4793,20,Female,0,2,8,65
4794,21,Female,3,2,4,44
4795,19,Female,2,1,4,48
4796,21,Male,5,3,7,62
4797,22,Male,6,5,8,72
4798,24,Male,6,9,8,94
4799,22,Female,4,8,5,66
4800,21,Female,0,4,4,68
4801,16,Male,5,6,7,65
4802,17,Female,2,6,8,84
4803,16,Female,0,8,5,86
4804,24,Other,6,7,6,67
4805,24,Female,2,6,4,71
4806,22,Other,1,7,4,91
4807,17,Male,6,7,6,58
4808,21,Female,7,2,4,22
4809,19,Female,2,2,5,50
4810,16,Male,2,7,5,71
4811,16,Male,4,8,6,74
4812,20,Other,5,4,4,49
4813,17,Male,0,9,6,106
4814,19,Female,4,2,8,53
4815,16,Male,7,4,4,22
4816,19,Male,2,4,7,76
4817,21,Male,7,9,8,86
4818,19,Male,7,3,5,38
4819,16,Female,2,5,4,69
4820,22,Female,6,2,4,43
4821,17,Male,1,5,7,83
4822,24,Male,5,8,6,80
4823,18,Male,6,3,5,39
4824,23,Male,1,8,8,100
4825,23,Female,5,9,7,88
4826,18,Male,6,1,5,19
4827,19,Male,2,7,7,91
4828,17,Female,1,3,5,63
4829,19,Male,0,2,7,68
4830,24,Male,4,6,4,56
4831,17,Male,7,7,7,70
4832,18,Female,6,4,5,47
4833,19,Female,3,1,6,42
4834,20,Female,4,9,4,91
4835,16,Male,2,7,7,99
4836,22,Male,1,3,4,61
4837,22,Female,3,5,4,66
4838,24,Female,3,1,4,30
4839,19,Other,4,4,4,59
4840,21,Male,7,5,7,46
4841,17,Male,4,5,8,69
4842,19,Female,4,2,7,48
4843,17,Female,1,7,8,107
4844,20,Female,7,3,4,26
4845,22,Female,6,6,4,46
4846,16,Female,7,3,6,36
4847,22,Female,3,4,8,94
4848,21,Female,4,2,7,69
4849,21,Other,4,6,5,55
4850,23,Female,1,4,4,66
4851,23,Male,5,1,4,33
4852,21,Male,7,1,5,19
4853,18,Female,1,5,7,93
4854,20,Male,0,2,4,62
4855,17,Female,5,6,8,66
4856,20,Male,2,4,8,75
4857,24,Male,4,6,8,82
4858,16,Female,5,9,8,94
4859,20,Male,2,5,4,67
4860,21,Male,6,8,8,79
4861,22,Male,4,7,5,75
4862,24,Female,6,9,8,88
4863,21,Male,6,2,4,27
4864,20,Female,6,8,6,70
4865,22,Male,0,9,4,91
4866,16,Female,1,4,4,68
4867,20,Male,0,3,8,83
4868,17,Male,3,9,8,100
4869,19,Male,7,6,6,53
4870,22,Male,3,4,6,63
4871,20,Female,6,8,7,76
4872,21,Male,2,3,5,49
4873,17,Male,2,2,7,67
4874,18,Female,7,5,6,45
4875,22,Male,3,6,7,71
4876,17,Male,6,8,8,92
4877,21,Female,1,5,6,76
4878,20,Female,7,8,6,72
4879,16,Male,4,3,8,66
4880,19,Male,6,6,8,66
4881,17,Other,0,2,8,80
4882,19,Male,3,4,6,53
4883,16,Other,7,8,5,76
4884,17,Male,7,2,5,19
4885,23,Female,0,8,4,82
4886,21,Male,2,3,7,58
4887,17,Female,3,1,5,50
4888,21,Male,1,1,7,70
4889,24,Female,5,7,8,85
4890,22,Male,1,3,8,93
4891,24,Male,2,6,4,70
4892,20,Female,5,7,5,73
4893,22,Female,3,4,8,56
4894,22,Female,5,5,6,60
4895,18,Male,7,4,8,43
4896,22,Female,0,9,8,100
4897,16,Male,5,3,6,40
4898,24,Other,1,2,5,67
4899,21,Female,3,4,6,55
4900,20,Male,0,7,7,90
4901,22,Female,1,7,5,86
4902,20,Female,2,9,7,99
4903,20,Male,2,8,8,100
4904,22,Female,7,3,5,33
4905,22,Male,5,5,8,47
4906,18,Female,7,7,7,67
4907,18,Male,4,9,8,94
4908,18,Male,1,4,4,59
4909,21,Male,2,5,5,62
4910,21,Female,2,9,5,94
4911,18,Female,2,4,5,53
4912,18,Other,5,5,4,65
4913,23,Male,4,9,8,96
4914,23,Male,3,8,6,84
4915,22,Female,1,3,8,78
4916,19,Female,0,3,6,74
4917,19,Male,1,4,4,74
4918,18,Male,0,9,6,100
4919,20,Female,6,9,8,99
4920,18,Male,0,7,6,96
4921,23,Female,5,5,4,37
4922,22,Female,3,1,8,59
4923,18,Female,0,7,5,86
4924,24,Female,6,4,7,43
4925,20,Male,4,6,6,64
4926,24,Female,1,6,5,78
4927,22,Female,7,5,5,52
4928,22,Male,0,9,8,109
4929,21,Female,1,1,8,54
4930,17,Male,6,7,6,78
4931,24,Female,5,4,5,43
4932,21,Male,2,7,4,78
4933,23,Female,0,7,4,74
4934,16,Male,6,1,6,17
4935,20,Male,2,3,5,58
4936,16,Other,1,2,4,51
4937,23,Female,4,2,6,44
4938,23,Male,7,7,7,70
4939,16,Male,0,3,8,75
4940,24,Male,6,5,6,54
4941,17,Female,4,3,7,44
4942,24,Female,3,6,5,70
4943,16,Female,5,7,6,85
4944,24,Female,7,3,7,40
4945,19,Female,1,6,7,94
4946,24,Male,1,8,6,100
4947,22,Male,7,1,6,11
4948,21,Female,5,7,8,75
4949,20,Female,3,3,7,75
4950,24,Female,4,2,7,41
4951,17,Female,5,5,7,58
4952,17,Female,6,3,4,22
4953,24,Female,7,8,6,78
4954,18,Male,3,1,8,45
4955,23,Male,2,1,5,40
4956,24,Other,5,5,5,48
4957,23,Female,3,6,7,83
4958,19,Male,4,7,5,75
4959,16,Male,3,3,6,61
4960,19,Male,1,8,4,91
4961,24,Male,3,9,6,100
4962,17,Female,5,5,7,54
4963,18,Male,6,7,6,79
4964,23,Female,3,5,5,62
4965,21,Male,1,1,5,58
4966,23,Female,3,3,5,61
4967,22,Male,6,1,6,27
4968,20,Female,3,9,5,77
4969,24,Female,5,3,7,50
4970,19,Female,4,6,7,86
4971,21,Male,1,3,5,62
4972,17,Male,6,6,4,65
4973,17,Male,0,2,4,55
4974,17,Male,4,8,6,71
4975,22,Female,1,2,5,59
4976,17,Female,0,9,4,90
4977,17,Female,4,8,5,79
4978,24,Female,4,7,8,88
4979,22,Male,5,1,7,34
4980,18,Male,5,2,8,50
4981,18,Male,5,8,4,84
4982,22,Female,3,2,4,31
4983,20,Female,5,2,4,27
4984,21,Male,4,5,8,79
4985,23,Male,3,3,5,50
4986,24,Female,4,3,6,42
4987,16,Female,7,6,5,41
4988,18,Female,1,4,7,94
4989,22,Male,7,2,5,17
4990,21,Male,0,5,6,80
4991,22,Other,2,4,8,76
4992,23,Female,2,7,6,82
4993,21,Male,5,1,6,31
4994,18,Female,1,6,6,95
4995,17,Female,7,4,8,53
4996,22,Male,6,4,5,37
4997,16,Male,5,3,4,56
4998,18,Male,3,1,7,35
4999,19,Male,7,8,6,60
5000,16,Female,6,3,8,62
5001,20,Male,3,7,7,82
5002,18,Female,5,9,6,91
5003,17,Other,4,6,4,43
5004,18,Male,4,4,7,53
5005,23,Male,2,3,7,69
5006,21,Female,3,9,7,93
5007,22,Female,0,7,5,96
5008,21,Female,2,6,8,87
5009,21,Male,5,4,5,47
5010,18,Male,7,8,4,79
5011,23,Female,7,7,8,64
5012,22,Other,4,3,7,55
5013,22,Male,4,6,6,61
5014,21,Female,1,4,8,90
5015,20,Male,5,1,4,30
5016,23,Other,0,8,4,87
5017,20,Female,2,2,7,65
5018,24,Male,5,5,4,48
5019,24,Female,2,4,8,71
5020,16,Male,0,4,8,82
5021,21,Male,6,5,5,38
5022,22,Male,2,9,8,100
5023,18,Male,0,4,4,64
5024,22,Male,0,2,6,60
5025,22,Female,2,6,8,80
5026,17,Female,1,3,8,67
5027,22,Male,6,1,5,35
5028,16,Female,2,1,4,49
5029,20,Female,6,1,5,20
5030,24,Other,1,4,6,80
5031,22,Female,3,4,6,72
5032,22,Male,5,2,4,22
5033,17,Male,5,8,6,78
5034,23,Female,4,2,8,55
5035,18,Male,7,9,6,78
5036,23,Male,1,6,4,88
5037,18,Male,3,1,8,59
5038,22,Male,7,9,5,75
5039,17,Male,0,3,7,73
5040,19,Female,0,5,4,65
5041,21,Male,1,3,6,74
5042,24,Female,5,7,6,88
5043,20,Female,2,5,6,76
5044,24,Male,1,2,6,71
5045,20,Male,3,1,5,39
5046,23,Male,4,7,6,71
5047,16,Male,1,3,6,65
5048,22,Male,2,2,5,46
5049,19,Male,4,5,8,70
5050,20,Female,7,8,8,75
5051,21,Female,5,3,8,62
5052,20,Male,6,3,7,46
5053,16,Male,2,8,4,86
5054,24,Female,2,2,6,51
5055,17,Female,3,6,8,83
5056,24,Female,6,9,4,77
5057,17,Female,3,8,6,88
5058,24,Male,6,1,5,20
5059,21,Male,7,3,5,19
5060,24,Female,0,2,5,58
5061,21,Male,0,9,8,100
5062,21,Other,1,9,7,100
5063,17,Female,3,3,5,54
5064,23,Female,1,7,7,98
5065,18,Male,6,8,5,62
5066,22,Female,0,3,7,81
5067,20,Female,2,2,8,58
5068,18,Male,1,1,6,48
5069,16,Male,7,4,7,46
5070,23,Female,5,9,6,83
5071,18,Female,7,9,6,75
5072,17,Male,7,2,7,15
5073,16,Male,3,2,8,51
5074,19,Female,1,4,7,80
5075,23,Female,1,8,8,97
5076,18,Female,1,6,8,96
5077,16,Female,5,5,7,65
5078,19,Male,0,6,8,94
5079,24,Female,0,1,5,56
5080,16,Male,4,5,6,60
5081,17,Female,5,9,6,104
5082,24,Female,5,1,6,41
5083,17,Male,2,5,8,87
5084,18,Male,6,3,4,37
5085,22,Female,4,5,5,59
5086,18,Male,0,6,8,88
5087,24,Male,6,6,4,43
5088,21,Female,7,8,5,67
5089,18,Male,0,4,5,75
5090,24,Female,3,5,7,83
5091,16,Male,3,1,6,31
5092,18,Female,1,8,8,100
5093,16,Male,6,3,5,19
5094,17,Male,2,8,8,100
5095,23,Female,6,3,5,40
5096,22,Female,5,1,5,33
5097,17,Male,4,2,6,34
5098,17,Male,1,9,4,107
5099,24,Female,1,3,5,76
5100,21,Female,0,1,5,52
5101,20,Other,1,2,4,40
5102,21,Other,2,3,8,74
5103,24,Female,6,1,5,25
5104,22,Male,2,5,8,81
5105,24,Female,6,2,8,41
5106,19,Female,3,5,4,63
5107,17,Male,6,2,6,47
5108,23,Male,7,4,7,31
5109,19,Male,1,6,8,98
5110,24,Male,6,1,8,28
5111,19,Male,4,4,7,64
5112,23,Female,6,3,4,15
5113,24,Female,5,3,6,41
5114,24,Female,3,6,8,87
5115,19,Male,1,6,7,92
5116,16,Male,0,6,8,98
5117,18,Female,4,2,7,45
5118,24,Male,7,3,4,27
5119,19,Female,5,2,8,36
5120,20,Other,2,5,8,87
5121,22,Male,6,5,4,44
5122,20,Male,6,3,4,42
5123,19,Male,2,8,6,102
5124,17,Other,0,1,7,73
5125,17,Female,0,9,5,100
5126,19,Female,7,2,4,20
5127,24,Male,6,7,6,90
5128,23,Other,2,4,5,65
5129,18,Male,2,8,5,85
5130,24,Male,6,1,7,28
5131,20,Female,7,4,8,53
5132,18,Female,6,4,6,47
5133,20,Male,4,9,7,100
5134,19,Male,1,9,7,100
5135,23,Male,4,2,6,48
5136,20,Male,1,6,5,85
5137,23,Male,6,5,5,34
5138,24,Other,3,2,5,52
5139,19,Female,6,2,8,46
5140,22,Female,3,9,8,99
5141,17,Female,6,5,6,51
5142,21,Female,2,2,8,63
5143,23,Female,3,2,8,62
5144,22,Female,4,3,8,64
5145,22,Male,0,5,5,91
5146,23,Female,7,4,7,38
5147,22,Female,4,5,7,56
5148,20,Female,4,2,7,44
5149,22,Other,6,3,5,36
5150,18,Male,6,1,7,24
5151,20,Female,4,9,6,98
5152,22,Male,7,2,8,41
5153,24,Female,0,7,7,92
5154,17,Male,0,4,5,73
5155,19,Male,4,5,4,50
5156,22,Male,2,3,7,67
5157,16,Female,3,7,6,76
5158,17,Male,2,8,6,89
5159,24,Female,3,3,7,63
5160,22,Male,6,3,8,52
5161,22,Female,4,7,5,76
5162,21,Female,7,2,6,32
5163,18,Male,6,6,8,61
5164,18,Male,2,1,8,50
5165,17,Female,2,6,5,86
5166,21,Female,2,5,4,65
5167,19,Female,6,2,5,23
5168,20,Male,0,6,8,106
5169,18,Female,1,5,6,72
5170,21,Other,7,2,6,23
5171,18,Male,5,4,4,32
5172,23,Male,1,5,4,64
5173,24,Male,1,1,7,69
5174,19,Female,6,9,6,82
5175,24,Female,7,6,6,58
5176,22,Male,2,1,4,51
5177,18,Male,3,8,5,98
5178,22,Male,6,3,8,44
5179,16,Male,6,6,4,48
5180,18,Male,6,3,8,47
5181,21,Other,4,7,4,88
5182,19,Male,7,7,4,65
5183,22,Male,2,5,6,83
5184,18,Female,1,3,8,72
5185,16,Female,5,3,5,47
5186,24,Female,4,4,7,60
5187,21,Male,6,2,6,29
5188,23,Male,0,4,4,57
5189,18,Female,6,7,5,63
5190,23,Female,2,8,8,95
5191,17,Male,5,3,4,38
5192,19,Female,0,3,7,72
5193,18,Female,4,8,8,84
5194,16,Male,5,9,4,84
5195,22,Female,2,4,6,70
5196,17,Female,1,1,5,42
5197,19,Male,4,7,5,63
5198,24,Female,6,8,4,73
5199,21,Female,2,1,7,49
5200,23,Female,2,6,7,91
5201,17,Male,2,6,7,83
5202,22,Male,7,4,8,42
5203,21,Female,2,7,4,79
5204,24,Male,0,4,5,63
5205,22,Male,6,7,5,74
5206,16,Male,5,5,5,57
5207,23,Male,1,3,4,52
5208,18,Other,7,6,6,56
5209,17,Male,4,7,8,89
5210,18,Other,4,9,8,100
5211,21,Male,3,4,4,68
5212,18,Female,7,1,8,18
5213,20,Male,1,9,8,100
5214,21,Female,2,6,5,97
5215,23,Female,0,9,4,94
5216,22,Male,6,1,8,44
5217,23,Female,4,4,7,55
5218,18,Male,4,2,8,45
5219,19,Female,1,8,6,98
5220,21,Other,5,8,5,89
5221,22,Female,6,5,5,65
5222,24,Female,2,2,8,77
5223,16,Male,6,2,5,34
5224,23,Male,2,6,4,61
5225,23,Male,6,5,6,42
5226,21,Female,0,7,5,90
5227,19,Female,4,3,5,52
5228,18,Male,7,4,7,36
5229,18,Female,7,1,5,3
5230,21,Male,2,6,6,75
5231,23,Male,3,4,4,61
5232,22,Female,0,9,6,100
5233,16,Male,6,6,4,47
5234,21,Female,4,4,5,52
5235,22,Male,3,3,7,69
5236,22,Female,0,9,5,99
5237,24,Male,7,1,4,0
5238,20,Male,4,3,6,61
5239,16,Female,2,9,5,94
5240,17,Female,2,6,5,85
5241,19,Male,2,5,7,78
5242,20,Male,4,2,7,67
5243,24,Female,7,8,7,82
5244,16,Male,6,2,6,27
5245,18,Female,3,3,6,57
5246,20,Female,6,2,7,30
5247,18,Male,3,2,4,56
5248,19,Male,2,9,4,98
5249,18,Female,7,6,7,44
5250,19,Male,2,6,6,77
5251,16,Female,2,9,7,100
5252,23,Male,7,3,5,7
5253,19,Female,1,1,5,57
5254,22,Male,6,6,8,63
5255,17,Female,7,5,6,45
5256,17,Male,4,5,6,69
5257,21,Male,0,1,4,47
5258,17,Female,3,5,4,55
5259,21,Male,0,3,4,58
5260,17,Male,3,3,6,54
5261,19,Male,6,3,8,44
5262,22,Male,3,3,8,62
5263,23,Female,3,4,7,63
5264,18,Female,4,3,8,51
5265,24,Male,4,9,6,80
5266,17,Female,6,9,5,72
5267,23,Female,2,6,4,68
5268,23,Female,6,9,7,82
5269,19,Male,4,9,4,82
5270,16,Female,2,4,6,69
5271,16,Female,2,5,8,80
5272,17,Female,2,9,4,74
5273,24,Male,4,6,4,62
5274,17,Male,1,2,5,54
5275,17,Female,7,7,6,72
5276,21,Male,4,2,5,48
5277,22,Female,7,4,6,35
5278,22,Male,0,3,5,65
5279,24,Female,2,3,6,56
5280,21,Female,0,1,5,51
5281,23,Female,2,8,8,100
5282,21,Female,6,3,6,32
5283,17,Female,0,1,7,59
5284,16,Male,3,1,7,70
5285,20,Female,0,6,6,89
5286,24,Male,3,9,5,80
5287,23,Female,6,2,6,23
5288,19,Male,4,1,7,56
5289,20,Female,5,4,6,48
5290,20,Female,2,6,4,68
5291,21,Male,7,3,4,17
5292,18,Male,5,3,5,45
5293,20,Other,3,4,4,51
5294,17,Male,3,3,8,68
5295,16,Male,7,9,4,71
5296,16,Male,4,1,5,31
5297,22,Other,5,3,7,42
5298,17,Other,3,8,8,94
5299,19,Female,1,8,6,96
5300,20,Female,5,2,4,23
5301,22,Male,4,9,5,80
5302,17,Other,4,7,6,76
5303,21,Male,4,3,5,46
5304,16,Male,1,5,5,64
5305,22,Male,6,3,4,37
5306,24,Female,7,2,8,34
5307,20,Female,7,3,4,28
5308,20,Male,2,6,6,77
5309,19,Other,3,8,8,97
5310,18,Male,6,4,7,45
5311,24,Male,4,4,5,59
5312,20,Male,4,5,4,57
5313,23,Female,7,6,8,55
5314,24,Female,4,7,4,63
5315,20,Male,4,3,7,66
5316,24,Female,0,6,8,86
5317,17,Male,0,4,4,56
5318,24,Female,0,7,7,100
5319,19,Other,7,2,8,22
5320,21,Male,3,3,7,49
5321,21,Female,3,4,6,62
5322,21,Female,6,9,8,78
5323,17,Male,4,6,6,64
5324,22,Female,4,9,7,100
5325,21,Female,2,1,6,65
5326,16,Male,6,5,4,38
5327,17,Male,1,4,5,65
5328,22,Male,0,6,4,79
5329,16,Female,1,8,4,99
5330,16,Female,2,8,4,72
5331,16,Female,2,7,6,87
5332,23,Male,5,6,4,47
5333,19,Male,1,9,8,100
5334,19,Male,5,4,7,53
5335,17,Female,0,8,6,97
5336,16,Other,1,9,6,100
5337,24,Female,4,5,5,69
5338,22,Male,7,7,6,65
5339,19,Female,6,4,7,37
5340,21,Female,7,2,7,31
5341,17,Male,5,6,4,55
5342,22,Female,5,2,7,37
5343,17,Male,5,5,7,60
5344,23,Male,4,8,6,85
5345,23,Male,1,1,5,56
5346,16,Male,4,1,6,39
5347,23,Male,3,6,6,68
5348,17,Male,3,3,6,55
5349,21,Male,4,4,6,61
5350,16,Female,1,4,4,68
5351,20,Other,2,1,4,36
5352,22,Female,0,1,4,48
5353,16,Male,7,9,5,62
5354,17,Male,0,2,5,61
5355,22,Male,2,4,5,77
5356,21,Male,7,9,5,78
5357,18,Female,3,8,7,87
5358,17,Female,1,1,8,66
5359,19,Female,3,5,5,76
5360,18,Female,0,7,5,90
5361,22,Male,1,7,8,100
5362,23,Male,0,7,7,92
5363,17,Female,3,5,5,66
5364,22,Male,6,2,7,43
5365,23,Male,4,5,5,57
5366,21,Male,4,6,6,67
5367,21,Male,1,6,8,100
5368,16,Male,2,1,5,48
5369,19,Female,6,1,8,28
5370,16,Female,0,9,5,100
5371,19,Male,6,2,6,27
5372,17,Male,3,3,6,61
5373,20,Female,6,7,7,73
5374,24,Male,2,4,4,53
5375,18,Male,2,2,7,66
5376,23,Male,6,5,7,59
5377,18,Male,6,6,6,59
5378,21,Female,1,5,4,62
5379,19,Female,7,9,5,71
5380,23,Male,0,3,7,69
5381,21,Male,0,6,8,98
5382,23,Male,4,2,6,42
5383,16,Male,5,4,6,47
5384,21,Other,7,7,5,59
5385,16,Female,3,3,6,42
5386,16,Female,0,6,5,89
5387,23,Female,4,2,7,48
5388,22,Female,2,1,8,69
5389,18,Female,3,5,8,83
5390,21,Male,3,7,4,60
5391,24,Male,0,2,6,61
5392,22,Female,3,9,4,90
5393,18,Male,3,3,5,64
5394,21,Other,5,2,4,37
5395,19,Female,5,2,5,34
5396,18,Female,1,2,7,64
5397,24,Male,1,1,6,55
5398,17,Female,2,8,8,93
5399,16,Male,1,5,5,88
5400,17,Other,5,4,5,57
5401,22,Male,7,9,5,72
5402,16,Female,5,4,5,50
5403,21,Female,4,2,8,52
5404,22,Male,3,3,5,58
5405,24,Male,2,3,8,65
5406,23,Other,7,5,5,42
5407,21,Male,7,3,5,29
5408,18,Female,3,5,4,61
5409,23,Male,2,7,8,94
5410,22,Female,6,8,4,64
5411,18,Female,1,7,8,100
5412,24,Male,6,2,6,31
5413,17,Male,6,2,5,15
5414,18,Female,1,5,7,92
5415,17,Male,7,2,4,18
5416,16,Male,7,1,4,6
5417,19,Female,7,5,8,56
5418,20,Male,3,3,6,63
5419,21,Male,1,7,6,106
5420,20,Female,4,3,4,42
5421,16,Male,3,9,4,87
5422,18,Male,1,7,5,109
5423,16,Male,3,1,6,55
5424,20,Female,5,5,7,71
5425,20,Female,0,6,6,100
5426,21,Female,2,7,7,91
5427,23,Male,0,5,4,81
5428,16,Male,6,5,4,47
5429,19,Male,5,4,4,46
5430,16,Male,0,3,7,70
5431,24,Female,7,9,7,84
5432,22,Male,0,3,4,67
5433,22,Male,4,1,4,15
5434,20,Male,6,2,7,54
5435,22,Female,6,8,8,80
5436,17,Female,0,6,7,82
5437,19,Female,7,8,5,73
5438,22,Female,7,8,6,80
5439,18,Female,4,8,7,88
5440,17,Male,3,5,5,69
5441,17,Male,0,2,6,76
5442,16,Female,4,2,5,44
5443,20,Female,3,6,5,60
5444,21,Female,6,4,8,59
5445,21,Female,3,6,8,88
5446,24,Female,5,5,6,62
5447,19,Female,0,6,4,64
5448,16,Female,1,1,7,70
5449,21,Female,1,1,5,59
5450,20,Male,0,7,4,87
5451,21,Female,4,2,5,50
5452,18,Female,6,6,6,57
5453,17,Male,4,5,4,48
5454,21,Female,4,9,6,93
5455,16,Female,5,8,4,69
5456,22,Male,2,4,8,71
5457,22,Female,2,6,8,88
5458,22,Male,2,2,7,62
5459,16,Other,5,4,6,48
5460,19,Female,1,7,5,92
5461,22,Male,0,6,7,100
5462,24,Male,4,5,8,73
5463,20,Female,7,2,4,24
5464,17,Male,4,8,6,74
5465,22,Male,6,3,5,30
5466,16,Female,5,8,5,94
5467,22,Male,3,6,6,78
5468,21,Male,5,4,8,65
5469,22,Female,6,1,5,25
5470,18,Female,1,3,6,85
5471,18,Female,2,9,8,100
5472,22,Female,1,8,6,99
5473,17,Male,3,6,8,71
5474,16,Male,7,5,4,31
5475,24,Male,2,6,8,99
5476,24,Female,3,5,4,61
5477,22,Female,6,6,8,59
5478,22,Female,4,3,4,54
5479,18,Female,4,8,6,81
5480,17,Female,6,7,5,58
5481,22,Male,3,3,6,55
5482,24,Male,5,8,5,81
5483,16,Male,0,5,8,91
5484,19,Male,1,2,5,60
5485,21,Female,3,1,7,37
5486,22,Male,3,7,4,69
5487,22,Female,7,8,8,75
5488,17,Female,7,8,6,70
5489,19,Male,6,6,8,67
5490,20,Male,2,2,6,63
5491,16,Male,7,1,4,7
5492,16,Male,5,4,5,46
5493,18,Female,3,8,7,100
5494,18,Male,5,9,7,103
5495,23,Female,0,3,7,74
5496,24,Female,1,7,4,95
5497,16,Female,6,6,6,54
5498,17,Female,5,1,8,51
5499,17,Male,2,5,4,71
5500,19,Male,4,8,4,75
5501,17,Male,7,3,7,32
5502,22,Male,5,9,5,81
5503,24,Female,3,3,7,47
5504,22,Female,0,1,6,70
5505,21,Male,2,2,8,63
5506,16,Male,7,8,8,82
5507,24,Male,3,4,7,69
5508,20,Female,3,8,5,84
5509,20,Female,3,5,5,76
5510,21,Female,7,5,8,47
5511,24,Female,4,8,6,78
5512,23,Male,5,4,7,57
5513,23,Male,3,8,6,89
5514,23,Male,0,1,4,52
5515,16,Male,7,6,5,34
5516,16,Female,7,7,4,59
5517,23,Female,7,9,7,68
5518,20,Female,7,3,7,30
5519,24,Female,6,6,4,61
5520,17,Male,5,4,7,69
5521,24,Male,6,4,8,50
5522,23,Female,4,1,7,42
5523,24,Female,1,2,6,61
5524,19,Male,3,8,5,105
5525,16,Female,7,7,8,74
5526,16,Female,2,4,6,67
5527,20,Male,6,8,8,88
5528,17,Female,0,1,7,69
5529,23,Male,2,6,8,87
5530,20,Female,2,8,8,100
5531,20,Female,0,8,7,106
5532,17,Other,0,4,4,63
5533,22,Male,1,7,5,92
5534,23,Male,6,4,4,42
5535,16,Male,0,8,4,98
5536,17,Male,2,5,4,71
5537,19,Female,0,7,6,92
5538,20,Female,5,1,4,24
5539,17,Male,4,6,6,75
5540,16,Male,5,5,8,69
5541,24,Male,3,6,7,80
5542,16,Male,1,7,8,100
5543,19,Male,5,9,5,82
5544,17,Male,6,8,6,73
5545,19,Female,1,2,5,56
5546,23,Male,3,8,6,78
5547,23,Female,1,2,6,54
5548,24,Female,1,6,4,73
5549,20,Male,5,8,5,69
5550,22,Female,4,1,7,54
5551,18,Female,1,8,7,100
5552,19,Female,2,8,6,84
5553,24,Male,7,5,5,42
5554,16,Male,6,3,6,34
5555,17,Female,7,4,4,32
5556,20,Female,3,9,8,99
5557,18,Male,4,2,8,52
5558,17,Male,3,6,4,75
5559,16,Male,0,1,4,54
5560,18,Male,3,2,6,56
5561,16,Female,4,7,5,77
5562,16,Male,2,3,8,77
5563,16,Male,6,9,7,87
5564,23,Female,1,5,5,93
5565,18,Male,2,5,4,55
5566,16,Female,1,1,8,64
5567,22,Female,3,9,6,91
5568,18,Male,0,2,7,72
5569,23,Female,2,5,5,72
5570,19,Female,3,4,4,51
5571,19,Male,3,4,7,77
5572,20,Male,4,6,6,65
5573,21,Female,2,6,5,85
5574,22,Female,4,2,4,33
5575,19,Female,4,5,6,58
5576,23,Male,2,8,7,88
5577,21,Female,6,4,5,46
5578,16,Male,4,2,7,58
5579,16,Female,2,3,4,54
5580,24,Female,7,2,5,23
5581,21,Female,6,2,7,49
5582,23,Female,7,4,7,42
5583,22,Female,5,5,5,53
5584,21,Female,3,1,4,55
5585,19,Male,2,6,4,80
5586,22,Female,5,9,8,98
5587,24,Female,7,9,4,74
5588,22,Male,5,8,4,93
5589,16,Female,7,3,5,35
5590,24,Male,2,1,6,55
5591,19,Female,3,8,7,100
5592,18,Female,7,1,5,14
5593,19,Male,6,2,6,40
5594,19,Female,7,5,4,39
5595,17,Male,6,2,6,27
5596,16,Female,3,8,4,67
5597,16,Male,4,7,5,81
5598,23,Male,7,7,5,55
5599,17,Male,4,8,7,87
5600,20,Male,2,2,7,53
5601,19,Female,3,7,6,75
5602,23,Female,4,4,4,44
5603,17,Male,0,7,5,95
5604,24,Male,5,2,6,39
5605,22,Male,0,7,8,100
5606,22,Female,3,9,8,100
5607,16,Female,6,1,7,41
5608,17,Male,3,1,5,55
5609,19,Female,6,2,7,33
5610,19,Male,2,4,5,60
5611,18,Female,7,3,7,39
5612,22,Female,1,8,5,100
5613,23,Female,0,5,5,89
5614,17,Female,6,5,4,38
5615,19,Female,6,7,6,67
5616,18,Female,1,4,7,70
5617,17,Female,7,4,7,31
5618,21,Male,4,7,8,79
5619,19,Male,7,8,8,70
5620,21,Male,4,1,4,38
5621,17,Female,3,2,6,36
5622,19,Male,3,2,6,57
5623,21,Male,2,4,8,67
5624,20,Male,4,3,5,46
5625,18,Male,3,7,4,74
5626,23,Female,0,8,5,97
5627,22,Female,2,2,8,67
5628,18,Female,1,6,8,107
5629,21,Female,6,4,5,43
5630,19,Female,4,5,8,68
5631,20,Female,6,6,4,50
5632,20,Male,7,9,5,70
5633,22,Female,5,2,7,49
5634,20,Male,7,1,5,12
5635,18,Male,2,6,4,74
5636,20,Female,1,4,8,87
5637,22,Male,3,2,7,61
5638,20,Male,3,2,8,58
5639,20,Male,7,6,4,38
5640,24,Male,4,3,5,52
5641,18,Male,2,9,5,90
5642,21,Male,5,4,8,59
5643,16,Female,4,2,5,40
5644,20,Female,1,6,5,94
5645,23,Male,4,3,4,39
5646,20,Female,7,5,7,56
5647,24,Male,6,5,5,47
5648,21,Male,4,5,4,49
5649,23,Male,3,8,6,82
5650,23,Female,0,2,5,65
5651,18,Male,3,9,4,88
5652,22,Female,6,8,4,64
5653,22,Female,2,4,8,76
5654,21,Female,1,2,4,59
5655,22,Female,7,3,4,22
5656,17,Female,6,3,5,40
5657,24,Male,5,6,8,68
5658,16,Male,1,1,4,56
5659,16,Female,1,9,8,100
5660,18,Female,0,1,8,64
5661,18,Male,4,3,5,52
5662,16,Male,0,1,5,52
5663,22,Male,6,3,7,35
5664,19,Male,7,8,7,62
5665,17,Male,2,6,7,82
5666,20,Female,3,3,8,56
5667,21,Female,5,8,5,95
5668,24,Female,7,8,7,69
5669,19,Female,7,7,4,68
5670,17,Female,0,8,6,95
5671,20,Male,1,6,7,87
5672,18,Male,6,5,4,57
5673,17,Female,5,4,4,41
5674,16,Female,1,3,4,74
5675,17,Male,4,6,6,76
5676,21,Other,6,9,8,94
5677,23,Male,1,6,6,99
5678,18,Male,6,9,7,95
5679,24,Male,0,4,4,80
5680,24,Male,6,7,4,62
5681,17,Female,4,6,5,57
5682,23,Female,2,7,5,85
5683,20,Male,5,6,6,62
5684,19,Female,6,2,8,44
5685,20,Female,7,2,6,14
5686,19,Female,2,9,6,100
5687,23,Female,5,1,4,23
5688,19,Male,4,5,4,56
5689,21,Female,4,4,4,75
5690,17,Male,7,4,7,47
5691,20,Female,0,8,6,100
5692,21,Male,2,7,4,74
5693,20,Female,4,9,6,96
5694,17,Female,1,4,6,91
5695,22,Male,7,6,4,43
5696,19,Male,5,9,7,82
5697,23,Female,3,9,7,95
5698,22,Female,6,9,5,80
5699,22,Male,3,7,7,87
5700,24,Female,4,2,5,41
5701,16,Male,0,1,7,57
5702,21,Male,2,8,8,100
5703,21,Male,1,8,6,100
5704,21,Male,5,7,5,83
5705,21,Female,3,3,6,53
5706,22,Other,2,6,5,71
5707,21,Male,3,3,4,41
5708,16,Female,1,5,7,78
5709,18,Male,7,4,4,24
5710,17,Female,0,9,5,100
5711,21,Male,6,3,7,43
5712,23,Female,4,6,7,67
5713,18,Female,4,4,4,42
5714,23,Male,2,6,7,83
5715,23,Female,7,6,8,50
5716,20,Male,2,9,4,96
5717,23,Male,4,1,6,35
5718,21,Male,7,2,7,18
5719,20,Male,7,7,7,62
5720,24,Male,4,4,5,39
5721,22,Male,7,2,4,6
5722,23,Male,5,5,7,62
5723,16,Male,1,6,8,103
5724,17,Female,3,1,7,45
5725,23,Female,2,3,8,66
5726,24,Male,2,8,7,95
5727,19,Male,6,5,8,63
5728,24,Male,4,1,7,37
5729,19,Female,0,3,8,74
5730,24,Female,7,6,4,45
5731,22,Male,2,2,8,64
5732,17,Male,7,8,4,53
5733,24,Male,7,7,4,47
5734,19,Male,7,5,6,40
5735,23,Female,6,9,5,77
5736,22,Female,1,4,4,78
5737,22,Male,4,3,8,71
5738,23,Female,1,6,7,82
5739,16,Male,2,6,8,104
5740,20,Male,4,4,9,54
5741,17,Female,0,4,5,75
5742,17,Female,7,4,5,27
5743,16,Male,7,3,4,23
5744,20,Male,3,7,6,84
5745,17,Female,4,6,7,73
5746,19,Female,3,4,6,64
5747,18,Male,7,4,5,34
5748,18,Male,5,4,4,38
5749,17,Male,2,3,6,60
5750,21,Female,3,1,4,44
5751,17,Female,3,3,8,60
5752,23,Male,7,3,4,34
5753,23,Female,1,5,5,84
5754,20,Female,0,7,4,95
5755,22,Male,7,4,7,38
5756,19,Male,7,9,5,80
5757,16,Female,6,8,4,66
5758,17,Female,4,9,6,95
5759,19,Female,5,8,8,98
5760,16,Female,4,6,8,79
5761,23,Male,0,6,5,85
5762,24,Male,4,2,7,40
5763,19,Female,0,7,4,87
5764,18,Male,2,6,4,69
5765,17,Female,7,5,6,47
5766,20,Female,2,7,5,84
5767,18,Female,7,5,7,43
5768,22,Male,2,5,8,90
5769,21,Female,2,4,4,59
5770,16,Female,5,7,5,76
5771,23,Female,6,8,6,87
5772,17,Female,4,8,6,92
5773,20,Male,7,8,8,70
5774,24,Male,0,1,8,67
5775,23,Male,7,9,7,70
5776,17,Male,1,3,5,65
5777,24,Female,7,8,7,79
5778,20,Female,3,2,5,42
5779,21,Female,6,4,8,58
5780,18,Female,5,7,4,69
5781,18,Male,1,6,6,100
5782,23,Other,7,4,4,35
5783,17,Male,1,7,6,87
5784,17,Male,1,5,7,91
5785,20,Female,6,3,7,40
5786,21,Female,0,6,7,100
5787,17,Female,1,2,6,80
5788,20,Male,4,7,5,75
5789,22,Female,6,1,8,26
5790,23,Male,1,5,8,94
5791,22,Male,4,4,4,44
5792,23,Female,5,3,8,56
5793,24,Female,6,5,8,49
5794,20,Female,7,6,7,47
5795,20,Female,6,9,5,85
5796,19,Female,5,8,7,84
5797,24,Female,3,7,5,77
5798,20,Female,0,5,7,77
5799,17,Female,5,4,6,51
5800,23,Other,7,1,8,18
5801,22,Other,5,4,7,47
5802,23,Male,0,8,5,86
5803,18,Female,3,4,7,75
5804,19,Female,4,5,5,39
5805,20,Male,5,3,5,24
5806,21,Female,5,3,5,43
5807,16,Male,4,1,4,34
5808,19,Female,1,6,8,95
5809,20,Female,7,5,6,37
5810,22,Male,5,6,7,63
5811,20,Male,1,5,5,72
5812,16,Female,2,8,7,90
5813,22,Male,7,7,6,72
5814,23,Male,7,7,6,69
5815,22,Male,3,5,8,76
5816,19,Female,0,4,6,80
5817,23,Female,0,9,7,100
5818,20,Female,2,1,4,32
5819,24,Male,5,2,5,40
5820,20,Female,4,4,8,55
5821,16,Female,5,6,7,73
5822,24,Male,5,1,6,42
5823,20,Female,0,7,8,96
5824,21,Female,0,6,6,96
5825,19,Female,2,5,6,85
5826,21,Male,1,4,5,83
5827,23,Male,0,5,7,89
5828,18,Male,5,2,5,42
5829,20,Male,6,1,5,31
5830,17,Female,6,3,8,48
5831,17,Male,6,7,4,56
5832,22,Female,5,6,4,59
5833,21,Male,5,5,4,41
5834,19,Male,2,6,5,72
5835,20,Female,7,6,5,30
5836,16,Male,1,3,4,72
5837,22,Female,1,1,6,59
5838,23,Male,2,9,6,94
5839,24,Male,7,6,7,55
5840,23,Female,7,7,8,73
5841,20,Female,6,5,7,54
5842,18,Male,5,7,4,78
5843,24,Male,4,6,4,62
5844,21,Female,7,1,7,23
5845,20,Other,5,9,7,98
5846,18,Female,7,3,4,25
5847,21,Male,2,2,5,62
5848,18,Other,2,1,7,61
5849,21,Male,6,7,6,81
5850,19,Male,1,7,6,107
5851,17,Female,7,7,5,51
5852,23,Male,4,9,7,91
5853,19,Male,7,4,7,35
5854,24,Male,2,6,8,73
5855,22,Male,5,6,7,69
5856,17,Female,3,9,6,90
5857,19,Female,5,3,7,52
5858,20,Male,4,9,6,85
5859,18,Female,7,2,5,15
5860,24,Female,5,7,8,99
5861,20,Female,2,6,6,93
5862,17,Male,7,8,6,74
5863,18,Other,2,1,8,46
5864,24,Female,2,1,8,60
5865,22,Male,0,1,6,61
5866,17,Male,7,6,4,50
5867,24,Male,2,6,5,77
5868,19,Female,2,9,8,100
5869,24,Male,7,5,5,45
5870,17,Female,6,1,9,34
5871,19,Male,1,2,4,73
5872,20,Female,6,1,6,33
5873,17,Male,7,7,6,67
5874,16,Female,0,8,5,99
5875,22,Female,6,9,8,92
5876,16,Male,4,4,7,58
5877,23,Male,5,1,5,26
5878,18,Male,3,3,5,53
5879,21,Female,5,6,7,68
5880,22,Female,0,9,5,106
5881,16,Male,6,1,8,48
5882,21,Male,0,2,4,57
5883,22,Male,3,7,5,73
5884,21,Female,1,7,4,83
5885,19,Female,6,3,4,23
5886,16,Female,2,8,5,88
5887,24,Male,3,2,9,47
5888,19,Male,3,9,4,92
5889,22,Other,6,2,5,25
5890,22,Male,3,1,5,39
5891,17,Female,6,4,7,48
5892,16,Male,0,2,7,66
5893,23,Male,1,5,7,87
5894,23,Female,4,7,4,67
5895,22,Other,7,5,7,44
5896,23,Other,0,6,7,106
5897,18,Male,0,4,6,68
5898,17,Male,1,1,5,62
5899,22,Female,5,9,7,108
5900,23,Female,3,8,5,92
5901,16,Female,6,1,5,34
5902,24,Male,0,5,5,62
5903,19,Female,1,6,6,86
5904,19,Female,2,2,5,49
5905,18,Female,5,6,7,75
5906,21,Female,5,5,8,67
5907,16,Male,0,2,6,64
5908,21,Other,7,2,6,30
5909,17,Female,2,7,7,98
5910,24,Female,5,3,7,48
5911,17,Female,4,3,5,42
5912,22,Female,1,7,7,88
5913,16,Female,6,7,7,75
5914,22,Male,6,3,5,31
5915,20,Male,3,8,5,97
5916,23,Male,4,7,4,71
5917,19,Male,2,4,8,63
5918,22,Male,5,4,4,61
5919,21,Male,2,7,4,95
5920,20,Male,6,2,6,32
5921,19,Male,1,5,8,75
5922,22,Male,0,6,5,87
5923,20,Male,2,5,7,79
5924,20,Female,1,6,7,100
5925,16,Female,4,5,7,68
5926,17,Male,1,2,8,72
5927,20,Female,6,4,4,32
5928,18,Female,1,5,8,94
5929,17,Male,5,8,8,94
5930,19,Female,4,6,8,86
5931,19,Female,7,4,7,35
5932,19,Female,8,9,8,81
5933,19,Male,6,1,5,24
5934,18,Female,6,2,5,21
5935,22,Male,3,4,5,65
5936,24,Female,6,3,4,34
5937,20,Other,7,6,7,62
5938,19,Female,0,1,4,57
5939,17,Female,4,2,4,29
5940,17,Male,1,3,7,77
5941,20,Other,4,7,8,78
5942,22,Female,3,8,7,101
5943,24,Male,4,8,8,84
5944,22,Female,4,2,6,46
5945,20,Male,7,6,8,56
5946,21,Male,4,1,6,48
5947,18,Female,6,3,8,47
5948,20,Male,2,8,4,91
5949,23,Female,3,5,8,70
5950,16,Male,3,2,7,55
5951,16,Male,2,4,6,75
5952,22,Other,3,2,7,56
5953,20,Male,4,4,8,73
5954,20,Female,4,5,8,67
5955,16,Female,5,4,4,55
5956,24,Female,2,9,4,86
5957,16,Female,2,6,4,57
5958,20,Female,4,8,4,66
5959,24,Male,1,7,5,97
5960,19,Female,2,6,7,96
5961,23,Male,0,5,6,93
5962,21,Female,0,1,7,55
5963,18,Female,1,6,6,94
5964,19,Female,0,4,6,79
5965,17,Female,1,2,4,58
5966,16,Female,5,5,7,54
5967,23,Female,0,7,7,100
5968,16,Female,3,9,5,100
5969,16,Male,7,4,5,45
5970,19,Male,6,5,5,35
5971,21,Female,2,8,8,97
5972,24,Female,7,4,7,39
5973,16,Male,2,2,7,62
5974,22,Male,0,3,5,68
5975,20,Male,7,9,4,49
5976,23,Other,6,2,4,17
5977,22,Female,3,3,4,49
5978,19,Male,5,5,4,63
5979,19,Male,5,8,4,75
5980,21,Male,1,9,6,94
5981,21,Male,1,4,5,71
5982,24,Male,3,9,6,94
5983,20,Female,7,2,6,31
5984,23,Other,0,2,7,70
5985,20,Male,6,9,7,81
5986,17,Male,0,5,5,83
5987,21,Male,3,2,8,73
5988,24,Male,5,5,8,70
5989,18,Male,5,8,5,77
5990,16,Male,0,8,4,100
5991,16,Male,3,8,8,94
5992,18,Female,4,6,8,82
5993,20,Female,0,8,4,99
5994,18,Female,1,5,4,73
5995,24,Male,5,6,8,70
5996,23,Female,4,7,5,68
5997,18,Other,1,4,8,92
5998,24,Male,4,1,5,29
5999,21,Male,7,4,8,44
6000,22,Female,0,6,4,75
6001,19,Male,5,2,5,36
6002,19,Male,0,2,8,72
6003,17,Female,0,3,5,70
6004,20,Female,1,1,4,58
6005,23,Male,3,7,8,87
6006,22,Female,6,3,4,30
6007,22,Female,2,2,4,43
6008,21,Male,5,7,5,80
6009,18,Female,3,8,7,94
6010,20,Male,1,1,7,50
6011,16,Male,4,3,8,50
6012,22,Female,6,9,6,82
6013,24,Male,6,4,5,36
6014,16,Male,6,9,5,80
6015,17,Male,2,3,8,59
6016,18,Female,6,2,7,44
6017,18,Female,1,2,8,75
6018,23,Male,5,1,8,39
6019,22,Female,7,9,5,74
6020,21,Male,0,9,6,100
6021,19,Female,3,9,7,95
6022,24,Male,5,8,4,87
6023,16,Female,5,8,4,79
6024,17,Other,1,6,8,96
6025,19,Female,7,8,6,78
6026,18,Male,4,2,6,37
6027,16,Female,1,4,6,93
6028,20,Male,0,6,7,104
6029,22,Female,6,8,4,78
6030,17,Male,0,6,7,97
6031,20,Male,1,8,6,100
6032,21,Male,4,5,8,80
6033,22,Male,4,7,6,74
6034,16,Female,5,9,8,97
6035,22,Female,3,2,5,61
6036,19,Female,6,9,8,90
6037,23,Female,7,5,8,51
6038,19,Female,2,6,6,96
6039,21,Male,5,8,5,94
6040,24,Male,7,4,5,39
6041,20,Male,5,4,7,60
6042,19,Male,5,5,6,62
6043,23,Male,1,1,6,46
6044,24,Male,4,5,7,86
6045,19,Male,4,3,7,43
6046,18,Male,5,9,4,72
6047,23,Female,7,1,4,16
6048,20,Male,0,5,4,74
6049,17,Female,0,9,5,98
6050,24,Female,0,9,6,100
6051,18,Female,5,7,8,88
6052,17,Male,1,6,5,79
6053,16,Male,4,3,4,36
6054,23,Male,2,4,6,76
6055,18,Male,3,1,8,54
6056,22,Male,1,8,5,87
6057,16,Female,6,3,8,45
6058,16,Female,4,7,4,65
6059,24,Female,7,4,4,29
6060,23,Male,4,5,7,78
6061,18,Male,0,6,6,81
6062,21,Female,1,8,7,100
6063,18,Male,7,2,8,21
6064,19,Female,5,4,5,53
6065,16,Female,0,2,7,64
6066,20,Male,5,1,7,43
6067,16,Male,3,6,8,84
6068,16,Male,2,2,6,59
6069,22,Male,1,1,4,64
6070,21,Male,6,9,6,82
6071,17,Male,0,5,8,95
6072,17,Male,2,2,4,50
6073,22,Female,2,1,5,47
6074,16,Female,1,2,5,63
6075,17,Male,4,5,7,67
6076,23,Female,0,7,5,96
6077,21,Female,2,6,5,76
6078,17,Female,7,2,7,36
6079,22,Female,2,6,4,79
6080,19,Male,2,4,4,55
6081,17,Male,3,5,6,51
6082,21,Female,4,8,5,80
6083,24,Female,6,3,5,53
6084,24,Female,1,2,4,53
6085,23,Other,6,8,5,73
6086,18,Female,6,2,7,42
6087,18,Male,5,3,6,45
6088,17,Male,0,7,6,93
6089,20,Male,0,7,4,77
6090,19,Female,4,8,4,85
6091,22,Female,6,2,8,31
6092,19,Female,4,4,5,39
6093,24,Female,1,2,5,76
6094,17,Female,0,5,8,90
6095,21,Female,5,3,7,52
6096,22,Female,5,7,7,83
6097,19,Male,1,1,7,62
6098,21,Female,0,1,4,58
6099,22,Female,3,4,8,79
6100,19,Male,4,9,8,91
6101,23,Male,5,9,5,86
6102,24,Female,6,9,8,91
6103,16,Male,4,4,6,48
6104,22,Male,0,1,7,66
6105,24,Male,5,3,4,45
6106,20,Female,7,7,6,65
6107,17,Female,7,2,4,22
6108,21,Male,6,3,6,33
6109,22,Male,2,1,5,37
6110,17,Other,6,5,6,49
6111,17,Female,6,2,7,39
6112,16,Female,5,1,8,37
6113,19,Male,2,4,4,70
6114,22,Male,7,4,8,29
6115,24,Male,3,5,5,68
6116,18,Female,1,7,8,100
6117,22,Male,0,2,6,62
6118,22,Male,5,8,8,98
6119,22,Male,3,1,7,53
6120,17,Male,0,4,6,77
6121,21,Female,5,6,5,53
6122,17,Male,6,9,8,88
6123,21,Female,5,6,8,59
6124,18,Female,1,2,5,61
6125,17,Male,5,5,4,49
6126,21,Female,0,4,7,80
6127,17,Other,2,5,8,79
6128,20,Other,3,2,5,54
6129,17,Male,6,5,8,62
6130,18,Male,3,2,4,36
6131,18,Male,0,7,8,100
6132,21,Female,2,6,7,100
6133,21,Female,3,1,5,47
6134,18,Female,7,9,5,73
6135,18,Male,7,6,7,59
6136,16,Male,1,3,6,66
6137,22,Female,1,1,8,54
6138,23,Female,1,6,7,100
6139,17,Female,6,4,6,47
6140,19,Male,0,9,8,100
6141,22,Male,1,1,6,70
6142,23,Male,4,1,8,35
6143,16,Male,1,9,8,105
6144,19,Male,0,9,8,100
6145,21,Male,2,1,4,39
6146,18,Male,2,7,6,89
6147,20,Male,4,2,6,48
6148,24,Male,7,7,6,58
6149,18,Female,0,8,6,90
6150,20,Male,2,1,8,61
6151,23,Female,7,3,5,18
6152,21,Female,7,1,6,20
6153,19,Female,3,1,5,44
6154,23,Female,5,1,5,37
6155,18,Male,0,8,7,107
6156,18,Female,5,3,4,44
6157,19,Female,7,5,4,39
6158,24,Female,4,8,6,81
6159,20,Male,3,5,4,58
6160,23,Male,1,4,4,67
6161,21,Male,5,1,8,41
6162,18,Female,4,6,8,73
6163,23,Female,5,2,5,33
6164,24,Male,0,7,5,100
6165,23,Female,4,3,8,55
6166,19,Female,4,7,4,57
6167,21,Male,1,6,6,95
6168,16,Female,1,6,6,99
6169,19,Female,2,3,7,70
6170,23,Male,5,3,8,54
6171,16,Female,4,8,5,84
6172,18,Male,6,1,6,24
6173,16,Female,2,2,7,60
6174,24,Female,7,6,8,63
6175,17,Female,5,8,8,93
6176,24,Male,3,4,7,64
6177,19,Male,0,6,8,95
6178,17,Male,2,6,4,79
6179,19,Female,7,1,5,10
6180,21,Male,2,6,4,68
6181,22,Female,2,8,4,74
6182,18,Male,1,9,7,100
6183,18,Male,6,1,8,39
6184,23,Male,2,6,7,97
6185,20,Other,2,4,7,74
6186,19,Female,3,1,4,28
6187,22,Male,3,6,7,78
6188,22,Male,3,2,6,56
6189,24,Female,4,4,7,59
6190,24,Male,6,3,5,27
6191,20,Female,6,4,6,40
6192,23,Female,6,5,6,37
6193,16,Female,0,4,6,82
6194,24,Female,6,5,4,36
6195,23,Female,0,3,5,60
6196,21,Female,1,6,5,94
6197,18,Female,7,8,7,69
6198,18,Female,6,3,7,28
6199,23,Male,4,5,8,72
6200,20,Male,7,6,7,53
6201,22,Male,7,6,5,35
6202,20,Female,4,4,7,64
6203,23,Female,4,6,6,74
6204,19,Male,6,1,4,22
6205,17,Male,1,4,7,86
6206,18,Male,1,5,4,88
6207,23,Female,6,1,4,28
6208,22,Female,2,5,7,78
6209,17,Female,1,6,7,100
6210,21,Male,2,7,7,95
6211,24,Female,2,2,5,37
6212,19,Male,7,9,8,91
6213,24,Female,5,6,7,74
6214,17,Male,4,4,8,71
6215,17,Female,7,3,7,23
6216,24,Male,7,6,6,44
6217,22,Male,4,8,4,81
6218,22,Other,7,5,7,53
6219,16,Male,3,6,7,81
6220,21,Male,1,4,5,75
6221,22,Female,1,4,7,84
6222,21,Female,5,3,6,51
6223,21,Male,4,7,6,84
6224,17,Female,5,4,5,48
6225,21,Female,5,2,4,37
6226,19,Male,0,4,5,67
6227,24,Male,0,8,7,100
6228,16,Male,4,7,5,85
6229,23,Female,1,4,4,62
6230,20,Male,5,9,8,108
6231,16,Male,4,1,5,37
6232,19,Female,4,1,7,48
6233,16,Female,2,2,8,68
6234,21,Male,5,2,7,43
6235,17,Female,6,1,8,38
6236,20,Male,7,6,8,62
6237,22,Male,6,6,8,65
6238,17,Female,4,6,6,76
6239,21,Female,1,7,5,85
6240,21,Male,5,7,6,94
6241,20,Female,7,2,8,31
6242,20,Female,1,6,8,100
6243,18,Male,2,6,8,104
6244,17,Female,1,9,6,100
6245,22,Male,5,3,6,43
6246,16,Other,3,1,5,42
6247,21,Female,0,6,4,81
6248,21,Male,7,7,7,74
6249,18,Male,4,3,5,50
6250,17,Male,2,6,5,71
6251,17,Male,2,1,8,61
6252,24,Male,2,9,4,92
6253,20,Male,3,1,8,66
6254,22,Female,2,1,4,32
6255,20,Male,4,1,8,57
6256,22,Female,6,4,6,53
6257,19,Female,5,1,4,36
6258,23,Male,2,7,7,88
6259,22,Female,4,9,8,92
6260,20,Male,6,3,6,37
6261,21,Male,0,6,7,94
6262,20,Female,0,1,8,63
6263,22,Male,4,4,5,51
6264,17,Female,5,3,8,45
6265,20,Female,1,3,5,66
6266,18,Other,5,6,6,58
6267,24,Female,5,2,5,38
6268,21,Female,7,8,6,71
6269,18,Male,1,6,4,78
6270,22,Male,6,7,5,68
6271,19,Female,0,9,6,100
6272,18,Male,4,9,7,83
6273,23,Male,4,5,7,67
6274,19,Male,3,5,6,69
6275,16,Female,6,4,5,47
6276,21,Male,0,7,8,100
6277,16,Female,4,5,5,70
6278,20,Male,1,9,5,90
6279,22,Male,5,3,6,42
6280,21,Male,0,3,7,72
6281,17,Male,6,3,4,29
6282,19,Female,6,8,5,63
6283,17,Male,6,1,8,33
6284,16,Male,1,5,6,83
6285,18,Female,5,4,6,56
6286,18,Female,0,1,8,65
6287,22,Male,6,4,4,43
6288,16,Male,5,5,7,67
6289,24,Other,4,1,5,38
6290,21,Female,5,5,4,51
6291,19,Male,0,9,5,100
6292,18,Male,4,9,7,93
6293,18,Male,2,5,4,62
6294,17,Male,7,5,6,42
6295,17,Female,6,3,8,37
6296,20,Female,5,9,7,85
6297,24,Male,7,3,5,34
6298,17,Female,2,5,4,67
6299,17,Male,7,1,6,22
6300,21,Male,2,4,5,79
6301,17,Male,5,1,8,55
6302,19,Male,5,7,8,97
6303,21,Female,0,6,6,80
6304,20,Male,2,6,4,71
6305,16,Male,0,3,8,73
6306,21,Female,7,8,7,73
6307,16,Female,0,1,6,69
6308,18,Female,4,4,5,54
6309,20,Female,6,6,6,55
6310,20,Male,1,9,8,100
6311,21,Female,3,3,4,44
6312,23,Female,4,5,8,75
6313,20,Female,1,5,4,79
6314,16,Female,6,8,8,86
6315,20,Male,2,1,6,37
6316,18,Female,1,4,5,72
6317,19,Male,4,2,4,27
6318,23,Male,3,1,6,42
6319,22,Male,7,2,5,25
6320,20,Female,7,9,7,72
6321,17,Male,3,2,5,49
6322,21,Female,2,9,4,89
6323,21,Male,2,2,6,63
6324,21,Female,2,9,6,94
6325,24,Male,4,6,6,73
6326,23,Female,6,2,6,34
6327,23,Female,2,6,6,79
6328,16,Male,1,3,6,62
6329,20,Male,3,4,4,57
6330,22,Female,0,4,4,86
6331,21,Female,5,4,4,43
6332,20,Female,4,6,7,73
6333,23,Male,3,7,6,78
6334,18,Female,2,3,6,78
6335,21,Male,7,9,7,89
6336,20,Female,0,9,5,100
6337,23,Female,6,1,6,23
6338,19,Male,3,1,4,32
6339,23,Female,7,4,7,33
6340,17,Female,5,6,7,54
6341,24,Female,0,3,8,69
6342,24,Male,6,3,8,53
6343,21,Male,5,7,7,84
6344,19,Female,0,6,8,95
6345,19,Male,1,2,5,68
6346,21,Male,5,8,5,96
6347,20,Other,5,7,8,79
6348,21,Male,5,4,8,56
6349,22,Other,5,7,6,72
6350,22,Male,5,2,5,32
6351,24,Male,6,5,8,50
6352,23,Female,4,2,5,50
6353,21,Female,2,1,4,50
6354,21,Female,7,4,7,41
6355,20,Female,0,2,4,52
6356,16,Female,2,6,5,78
6357,24,Male,5,7,8,90
6358,24,Male,3,2,5,41
6359,24,Male,0,1,8,79
6360,23,Female,0,8,8,100
6361,18,Male,5,1,8,30
6362,16,Male,7,4,8,46
6363,23,Male,4,5,6,64
6364,22,Male,4,8,6,91
6365,20,Male,2,8,8,92
6366,22,Female,2,7,6,90
6367,19,Male,0,3,6,75
6368,24,Female,2,7,7,83
6369,17,Female,3,3,7,60
6370,24,Male,1,2,7,68
6371,24,Female,0,5,7,96
6372,20,Male,5,7,7,82
6373,16,Female,7,1,7,16
6374,22,Other,7,1,6,24
6375,19,Female,4,8,4,64
6376,24,Female,0,8,7,107
6377,21,Male,5,6,4,62
6378,18,Male,0,4,8,89
6379,21,Female,5,8,8,90
6380,21,Male,6,7,7,72
6381,20,Male,5,6,8,73
6382,17,Male,7,3,7,29
6383,17,Female,5,2,4,33
6384,22,Male,5,4,6,56
6385,17,Female,2,3,5,66
6386,21,Male,7,4,5,29
6387,20,Male,1,5,6,86
6388,19,Female,7,2,7,32
6389,22,Male,2,8,6,92
6390,23,Female,1,2,6,64
6391,19,Male,6,5,5,46
6392,16,Male,0,7,6,100
6393,16,Male,6,5,5,37
6394,16,Female,2,4,5,64
6395,16,Female,7,5,7,53
6396,20,Female,5,8,5,81
6397,19,Male,5,9,4,80
6398,24,Female,2,6,5,74
6399,18,Female,0,8,7,100
6400,22,Female,6,1,8,21
6401,23,Female,1,8,8,100
6402,21,Female,2,9,7,100
6403,16,Male,4,6,6,67
6404,23,Female,3,7,5,81
6405,18,Male,1,5,4,80
6406,23,Female,1,3,7,86
6407,19,Male,0,8,6,101
6408,23,Male,6,6,7,52
6409,16,Male,0,6,5,85
6410,18,Male,7,6,5,34
6411,21,Male,1,8,5,87
6412,24,Female,0,7,7,100
6413,17,Female,4,2,4,28
6414,16,Female,0,5,7,78
6415,18,Female,4,9,4,67
6416,19,Male,6,5,6,48
6417,20,Female,0,9,4,92
6418,18,Male,6,8,4,73
6419,17,Female,3,6,4,70
6420,17,Male,1,4,5,71
6421,22,Male,1,3,5,70
6422,24,Male,7,6,8,58
6423,17,Male,0,4,5,69
6424,22,Male,6,8,4,69
6425,22,Male,4,7,7,86
6426,22,Female,0,3,7,76
6427,18,Female,3,7,5,65
6428,22,Male,6,5,7,55
6429,16,Male,5,3,7,62
6430,16,Female,3,4,5,50
6431,20,Male,6,9,6,81
6432,17,Female,0,4,4,71
6433,24,Male,7,3,4,7
6434,22,Female,6,4,8,54
6435,19,Female,5,2,5,36
6436,19,Female,6,5,5,53
6437,17,Female,4,2,8,53
6438,20,Male,5,8,7,85
6439,19,Male,4,3,6,43
6440,16,Female,2,6,7,84
6441,23,Female,4,2,7,36
6442,18,Male,2,9,7,100
6443,21,Female,3,5,4,66
6444,19,Male,2,8,6,100
6445,24,Male,0,7,5,93
6446,22,Female,2,7,4,80
6447,24,Male,6,8,6,86
6448,18,Female,3,1,7,44
6449,16,Male,5,7,4,55
6450,20,Male,1,3,5,69
6451,18,Female,3,8,7,93
6452,21,Female,0,9,6,90
6453,23,Male,1,9,8,100
6454,19,Male,4,2,7,36
6455,20,Male,4,4,8,55
6456,20,Male,1,4,6,71
6457,19,Female,3,2,7,50
6458,19,Female,6,1,8,17
6459,19,Male,1,4,8,91
6460,19,Male,0,9,7,100
6461,19,Female,5,6,6,57
6462,20,Female,0,6,5,83
6463,17,Female,7,5,8,42
6464,17,Female,4,6,7,80
6465,24,Male,3,9,8,90
6466,17,Female,3,6,4,57
6467,21,Other,4,1,5,44
6468,17,Female,0,5,6,80
6469,20,Male,7,9,8,85
6470,19,Male,5,4,8,70
6471,22,Male,1,6,5,82
6472,22,Female,4,1,7,42
6473,21,Male,1,2,4,61
6474,20,Male,0,8,6,94
6475,16,Female,5,3,6,46
6476,18,Male,5,3,7,61
6477,24,Male,4,4,8,60
6478,16,Male,1,9,5,100
6479,20,Male,4,1,6,51
6480,17,Male,0,8,7,100
6481,19,Female,4,4,5,54
6482,16,Female,4,8,8,88
6483,18,Male,5,9,8,94
6484,22,Male,7,4,5,40
6485,18,Female,6,2,6,27
6486,19,Male,7,2,5,16
6487,17,Male,7,7,6,63
6488,18,Female,6,2,7,40
6489,24,Male,7,3,4,21
6490,18,Male,6,2,8,37
6491,20,Male,5,4,6,47
6492,17,Female,0,1,8,64
6493,19,Male,0,8,4,94
6494,22,Male,6,8,8,66
6495,22,Male,3,4,7,76
6496,18,Female,6,6,4,36
6497,20,Male,2,6,5,73
6498,16,Male,3,7,8,93
6499,16,Female,5,5,6,53
6500,20,Female,7,5,6,52
6501,24,Male,0,6,8,100
6502,16,Male,6,7,4,53
6503,16,Female,6,4,6,40
6504,19,Female,2,3,7,65
6505,19,Male,2,3,7,53
6506,17,Male,0,5,5,78
6507,24,Male,0,4,6,80
6508,24,Male,3,5,7,70
6509,17,Female,0,4,6,73
6510,24,Male,1,8,7,100
6511,21,Female,6,1,5,18
6512,23,Female,4,6,8,78
6513,19,Male,5,6,6,63
6514,17,Male,1,4,8,98
6515,17,Female,6,4,4,41
6516,24,Male,6,8,5,86
6517,16,Female,4,3,4,44
6518,22,Other,7,8,6,77
6519,18,Male,6,9,5,73
6520,18,Male,5,6,7,58
6521,17,Male,5,7,8,74
6522,21,Female,0,6,5,76
6523,17,Female,2,5,4,72
6524,19,Female,0,9,8,100
6525,24,Female,0,3,5,77
6526,24,Male,1,2,6,68
6527,21,Female,7,3,5,16
6528,19,Female,1,6,6,97
6529,22,Female,7,2,5,13
6530,16,Male,4,9,7,87
6531,19,Female,1,4,6,72
6532,20,Female,3,8,7,98
6533,23,Female,1,3,5,60
6534,17,Female,7,3,6,32
6535,20,Female,6,1,5,24
6536,21,Female,0,3,8,80
6537,20,Female,7,5,6,43
6538,24,Female,5,9,4,88
6539,16,Male,0,4,5,68
6540,18,Male,5,6,4,60
6541,17,Male,5,4,4,49
6542,18,Female,1,1,6,56
6543,24,Female,6,5,5,59
6544,24,Other,0,1,8,69
6545,17,Male,3,8,4,85
6546,18,Male,0,7,7,97
6547,19,Male,7,4,5,28
6548,24,Male,6,6,5,60
6549,18,Female,1,2,8,71
6550,22,Male,2,7,8,99
6551,18,Female,1,8,7,107
6552,22,Female,6,8,7,81
6553,22,Male,0,3,8,77
6554,24,Female,6,3,6,49
6555,17,Male,7,5,4,41
6556,21,Male,5,9,4,90
6557,24,Female,1,9,7,98
6558,17,Female,2,4,7,70
6559,17,Male,3,8,7,79
6560,20,Male,4,9,4,76
6561,23,Male,5,3,8,56
6562,24,Male,4,8,6,70
6563,17,Other,2,3,7,70
6564,20,Female,7,4,4,27
6565,22,Male,0,2,8,77
6566,21,Female,3,5,6,69
6567,21,Male,6,8,6,86
6568,22,Male,0,5,8,83
6569,18,Female,5,2,8,46
6570,18,Female,6,3,5,31
6571,24,Female,5,6,8,71
6572,23,Female,0,6,7,91
6573,20,Female,1,6,4,77
6574,21,Male,2,1,5,47
6575,16,Female,1,7,6,98
6576,16,Other,7,9,6,77
6577,19,Male,5,5,7,59
6578,17,Female,2,7,5,76
6579,22,Female,7,9,8,87
6580,17,Male,5,6,8,70
6581,17,Female,2,7,7,86
6582,20,Male,3,7,8,100
6583,19,Female,1,3,8,90
6584,23,Male,7,6,5,45
6585,19,Female,4,8,7,109
6586,21,Male,7,3,8,30
6587,20,Male,2,9,4,82
6588,17,Male,6,6,8,64
6589,23,Female,0,4,4,60
6590,17,Female,7,6,6,48
6591,24,Female,7,4,7,54
6592,24,Female,2,8,7,83
6593,18,Male,6,5,7,70
6594,19,Male,6,9,6,75
6595,23,Female,7,5,7,47
6596,24,Male,2,6,7,85
6597,18,Other,3,9,6,94
6598,20,Female,6,2,6,29
6599,23,Male,6,7,8,83
6600,18,Male,3,2,5,58
6601,22,Female,6,8,6,74
6602,23,Male,0,6,4,61
6603,18,Male,6,9,7,75
6604,17,Male,1,8,4,100
6605,22,Female,2,1,6,57
6606,24,Female,3,2,5,41
6607,16,Male,3,6,4,64
6608,18,Male,4,5,6,64
6609,20,Male,4,2,6,30
6610,18,Female,2,2,6,69
6611,16,Male,1,6,5,77
6612,22,Male,6,1,8,36
6613,22,Female,3,8,4,91
6614,23,Female,4,8,8,85
6615,20,Other,5,8,7,87
6616,20,Female,7,1,4,7
6617,20,Male,5,1,6,23
6618,16,Male,0,5,8,86
6619,20,Male,6,9,7,98
6620,21,Male,7,4,4,20
6621,16,Female,3,4,6,51
6622,22,Female,7,2,6,9
6623,16,Female,4,7,8,87
6624,17,Male,3,6,8,82
6625,17,Female,2,1,4,33
6626,20,Female,5,5,5,51
6627,22,Male,1,7,5,86
6628,16,Female,0,5,8,98
6629,16,Male,0,7,6,92
6630,16,Male,2,8,8,94
6631,21,Female,3,7,6,86
6632,17,Female,4,6,7,79
6633,16,Male,2,8,5,93
6634,21,Male,7,9,8,79
6635,17,Other,2,4,6,72
6636,21,Female,3,2,8,55
6637,23,Female,0,8,5,95
6638,17,Male,2,2,7,67
6639,24,Male,0,9,6,100
6640,23,Male,4,1,4,31
6641,16,Male,6,9,6,64
6642,22,Male,1,6,6,86
6643,21,Male,2,7,4,76
6644,21,Female,0,4,4,71
6645,21,Male,6,9,6,85
6646,21,Female,6,3,5,33
6647,22,Male,0,3,6,73
6648,18,Male,2,1,6,49
6649,21,Male,7,9,4,79
6650,18,Female,3,5,4,71
6651,22,Male,4,7,8,79
6652,22,Other,2,7,4,70
6653,23,Female,4,8,7,78
6654,17,Female,7,6,6,43
6655,24,Male,7,6,8,55
6656,20,Female,6,7,4,60
6657,24,Female,3,7,8,92
6658,20,Male,3,2,6,56
6659,22,Female,2,1,4,33
6660,24,Female,7,1,5,8
6661,19,Female,5,4,6,57
6662,17,Female,3,5,5,59
6663,24,Female,0,6,5,94
6664,17,Female,4,9,8,100
6665,18,Male,7,3,5,24
6666,17,Female,4,7,6,83
6667,18,Female,1,5,7,95
6668,21,Female,0,2,7,68
6669,18,Other,2,6,4,62
6670,23,Male,7,9,7,81
6671,21,Male,7,2,6,12
6672,22,Male,7,5,4,40
6673,16,Male,5,1,5,20
6674,18,Male,4,3,4,52
6675,18,Female,4,6,5,57
6676,17,Male,4,8,5,82
6677,22,Female,5,7,5,77
6678,24,Female,3,5,6,71
6679,19,Male,5,9,7,102
6680,20,Male,0,3,7,80
6681,18,Female,2,7,7,95
6682,24,Female,6,5,8,58
6683,19,Female,7,9,8,91
6684,20,Female,4,8,8,95
6685,16,Other,0,9,4,85
6686,17,Female,7,2,5,32
6687,24,Female,5,7,6,86
6688,17,Female,3,7,5,92
6689,20,Female,4,7,4,68
6690,23,Male,3,5,5,50
6691,18,Other,3,1,8,53
6692,21,Male,7,3,5,22
6693,19,Female,1,3,6,81
6694,22,Male,0,8,4,95
6695,18,Male,0,8,7,100
6696,21,Male,2,1,6,37
6697,24,Male,1,9,4,99
6698,16,Male,1,2,8,66
6699,18,Female,0,4,7,89
6700,17,Male,1,2,7,63
6701,23,Male,2,8,8,92
6702,22,Male,0,7,6,100
6703,17,Female,4,4,7,56
6704,21,Male,4,7,5,72
6705,18,Male,0,2,7,63
6706,23,Female,4,4,4,55
6707,18,Female,7,4,4,31
6708,24,Male,7,3,6,40
6709,16,Male,0,8,4,98
6710,20,Male,6,7,6,69
6711,18,Other,2,3,6,61
6712,21,Male,0,3,7,63
6713,17,Female,2,1,4,55
6714,24,Male,2,4,4,77
6715,21,Female,4,5,7,70
6716,22,Male,5,3,7,55
6717,20,Male,5,7,4,60
6718,24,Male,1,4,6,84
6719,16,Male,2,3,7,58
6720,20,Male,2,9,4,83
6721,21,Female,2,3,6,64
6722,22,Other,8,4,5,37
6723,19,Male,6,4,8,53
6724,16,Female,7,3,4,14
6725,23,Other,5,2,5,31
6726,19,Female,3,3,8,66
6727,18,Male,3,8,5,96
6728,22,Female,3,7,6,97
6729,17,Male,3,7,4,75
6730,23,Female,6,5,8,65
6731,21,Male,3,5,8,79
6732,22,Male,2,3,7,64
6733,20,Male,6,1,4,32
6734,24,Male,6,3,4,25
6735,20,Female,3,5,6,66
6736,20,Male,5,1,5,34
6737,18,Female,0,1,7,67
6738,16,Male,4,3,6,51
6739,17,Male,0,4,8,91
6740,23,Female,0,4,5,77
6741,16,Other,4,2,6,50
6742,22,Male,2,3,7,75
6743,20,Male,5,3,6,46
6744,18,Female,7,1,8,31
6745,22,Male,1,3,4,59
6746,24,Female,5,1,7,36
6747,17,Female,4,7,8,90
6748,23,Male,0,4,5,71
6749,24,Male,5,3,5,54
6750,18,Male,4,2,4,36
6751,17,Male,4,3,7,56
6752,22,Female,7,3,6,32
6753,20,Female,4,9,4,75
6754,20,Female,7,8,7,75
6755,20,Female,4,1,8,53
6756,19,Male,0,6,8,95
6757,20,Female,3,3,6,54
6758,19,Male,1,1,6,58
6759,21,Female,4,7,8,80
6760,19,Male,5,2,5,36
6761,17,Female,3,4,7,64
6762,24,Female,0,6,7,90
6763,17,Male,3,5,5,69
6764,24,Male,0,9,4,98
6765,21,Female,5,8,4,79
6766,24,Male,6,7,6,73
6767,24,Female,7,4,6,28
6768,18,Female,1,1,8,65
6769,16,Female,4,7,6,69
6770,16,Male,4,10,5,87
6771,18,Female,7,4,6,42
6772,20,Male,5,9,5,85
6773,18,Male,1,2,4,54
6774,24,Female,3,3,4,46
6775,24,Female,5,2,5,49
6776,18,Male,5,5,4,55
6777,18,Male,6,8,5,63
6778,20,Female,1,4,7,78
6779,17,Female,7,9,5,71
6780,21,Female,0,5,4,77
6781,22,Male,7,5,8,46
6782,24,Female,6,8,7,76
6783,21,Female,5,1,4,27
6784,18,Female,5,7,4,70
6785,20,Female,0,3,7,68
6786,19,Male,0,3,6,75
6787,20,Other,0,6,4,84
6788,23,Male,0,9,5,97
6789,23,Male,4,6,8,77
6790,21,Female,1,6,6,98
6791,16,Female,6,7,6,55
6792,23,Female,3,3,5,46
6793,23,Female,5,8,4,82
6794,17,Male,5,4,6,60
6795,19,Female,2,2,8,78
6796,17,Male,1,4,4,63
6797,19,Female,2,3,8,74
6798,22,Male,6,3,5,31
6799,24,Female,4,3,6,52
6800,23,Male,2,2,4,39
6801,24,Female,6,7,6,78
6802,23,Female,0,6,6,77
6803,17,Male,5,6,7,52
6804,22,Female,3,4,6,82
6805,17,Female,5,7,5,83
6806,17,Female,7,2,7,34
6807,19,Female,6,6,4,51
6808,16,Male,3,3,6,60
6809,20,Male,1,5,4,81
6810,21,Male,6,3,6,45
6811,24,Male,3,8,7,91
6812,23,Male,0,9,4,93
6813,17,Female,5,7,8,69
6814,16,Male,2,2,8,76
6815,17,Male,0,3,6,68
6816,22,Male,7,9,4,63
6817,19,Female,3,4,7,77
6818,20,Female,2,9,8,100
6819,22,Male,5,4,4,48
6820,18,Female,7,9,8,90
6821,17,Male,0,9,8,100
6822,22,Other,5,6,6,56
6823,20,Female,6,1,7,28
6824,16,Male,1,4,6,71
6825,16,Female,3,9,6,91
6826,24,Female,0,8,5,99
6827,20,Male,5,2,4,39
6828,16,Female,6,4,7,37
6829,22,Male,0,8,4,81
6830,24,Male,6,6,6,72
6831,16,Male,6,8,8,105
6832,19,Male,2,8,5,84
6833,18,Male,5,9,5,94
6834,20,Female,0,2,6,69
6835,22,Male,7,2,5,14
6836,23,Male,4,1,8,54
6837,17,Female,4,9,5,92
6838,22,Female,5,5,6,58
6839,16,Other,4,1,5,40
6840,22,Female,6,3,4,21
6841,23,Other,4,4,4,48
6842,17,Female,7,8,4,49
6843,24,Other,4,7,6,67
6844,16,Female,1,7,6,96
6845,21,Male,7,1,4,7
6846,16,Male,5,9,4,85
6847,18,Female,5,2,6,39
6848,21,Male,7,6,8,48
6849,18,Male,0,1,7,69
6850,23,Female,3,1,4,43
6851,20,Female,1,1,8,65
6852,17,Male,5,6,8,82
6853,19,Female,6,6,5,54
6854,24,Female,7,1,7,16
6855,19,Other,3,3,6,67
6856,23,Female,6,8,8,86
6857,20,Female,7,1,6,24
6858,16,Female,5,2,8,39
6859,22,Male,1,4,5,73
6860,18,Female,4,8,5,74
6861,23,Female,7,3,7,20
6862,18,Female,7,9,7,82
6863,16,Female,5,4,7,56
6864,20,Male,7,4,8,57
6865,17,Female,1,2,7,64
6866,19,Male,1,7,7,97
6867,16,Male,7,3,6,23
6868,24,Male,1,6,6,89
6869,21,Male,1,3,6,64
6870,23,Female,3,4,7,73
6871,19,Male,4,8,6,83
6872,24,Male,4,7,4,79
6873,17,Female,2,2,4,55
6874,24,Male,7,6,8,56
6875,20,Male,7,6,4,53
6876,21,Male,3,1,4,53
6877,18,Male,3,5,6,68
6878,19,Male,5,3,5,41
6879,21,Male,5,5,6,54
6880,22,Female,3,7,4,77
6881,16,Male,3,2,4,49
6882,22,Male,2,2,8,60
6883,16,Female,1,3,7,76
6884,20,Male,3,9,4,92
6885,21,Female,5,7,7,78
6886,17,Female,5,1,7,28
6887,24,Male,6,4,7,50
6888,21,Female,3,3,6,56
6889,22,Male,6,6,5,50
6890,23,Male,0,5,7,73
6891,16,Female,3,9,5,83
6892,23,Female,6,2,5,11
6893,19,Female,5,6,6,53
6894,23,Female,3,7,7,85
6895,21,Male,5,8,6,98
6896,24,Female,7,4,5,48
6897,19,Female,4,7,8,77
6898,17,Other,6,3,8,38
6899,17,Female,7,4,6,36
6900,20,Female,5,9,5,101
6901,24,Male,4,9,7,94
6902,18,Female,0,7,4,75
6903,23,Male,3,4,7,71
6904,19,Male,4,8,7,85
6905,21,Female,6,1,5,25
6906,21,Male,3,1,4,30
6907,18,Other,7,6,4,43
6908,20,Male,2,3,7,63
6909,18,Female,5,9,5,90
6910,16,Male,3,4,6,67
6911,22,Male,3,4,5,67
6912,19,Male,6,7,4,52
6913,22,Female,2,7,6,82
6914,18,Male,0,5,6,84
6915,20,Female,4,2,7,58
6916,20,Male,4,7,5,79
6917,17,Male,6,3,5,37
6918,17,Male,7,2,8,40
6919,19,Male,0,6,7,100
6920,19,Female,4,1,7,56
6921,19,Female,5,9,4,97
6922,21,Male,7,6,5,43
6923,17,Female,7,9,6,86
6924,21,Female,5,4,8,56
6925,22,Male,4,9,8,100
6926,18,Male,1,2,8,79
6927,23,Female,3,1,4,37
6928,17,Male,4,1,8,26
6929,23,Male,5,5,8,66
6930,20,Male,5,1,4,23
6931,17,Female,5,5,6,52
6932,22,Male,3,3,6,77
6933,17,Male,5,4,5,47
6934,21,Male,1,6,6,84
6935,18,Male,1,2,8,82
6936,24,Male,1,7,8,100
6937,18,Female,7,6,8,65
6938,18,Male,0,9,6,98
6939,20,Female,6,4,6,35
6940,22,Male,1,9,7,100
6941,23,Female,3,6,6,58
6942,22,Female,7,9,4,66
6943,24,Male,4,1,7,50
6944,20,Female,1,7,5,90
6945,18,Female,2,8,4,83
6946,21,Female,7,1,4,9
6947,20,Male,3,6,8,85
6948,19,Other,4,8,5,69
6949,17,Female,3,6,6,72
6950,22,Other,3,1,8,60
6951,20,Female,1,7,6,89
6952,19,Male,5,1,4,26
6953,23,Female,5,8,6,88
6954,24,Female,2,1,4,44
6955,24,Other,6,2,4,16
6956,18,Male,6,3,8,43
6957,18,Female,7,6,5,47
6958,20,Male,1,9,7,100
6959,20,Female,2,2,6,54
6960,17,Male,6,2,5,24
6961,16,Male,1,4,6,67
6962,23,Female,0,8,4,97
6963,18,Male,6,5,5,44
6964,16,Female,2,3,6,64
6965,16,Female,3,6,5,63
6966,17,Male,3,3,7,65
6967,21,Male,6,4,4,28
6968,21,Female,2,3,6,61
6969,18,Male,7,8,7,84
6970,19,Female,4,9,6,86
6971,17,Other,4,7,8,88
6972,17,Male,2,4,7,76
6973,22,Male,1,5,8,79
6974,16,Male,4,2,5,31
6975,22,Female,3,7,8,88
6976,16,Male,7,6,7,59
6977,21,Male,3,9,7,94
6978,18,Female,4,2,8,60
6979,23,Female,3,7,6,79
6980,21,Male,6,7,8,84
6981,17,Male,3,3,6,56
6982,23,Other,2,7,7,91
6983,20,Female,6,9,6,81
6984,23,Female,4,9,4,76
6985,23,Female,4,7,6,75
6986,21,Other,4,1,8,50
6987,17,Female,5,8,7,91
6988,23,Female,2,6,7,86
6989,21,Female,0,3,7,72
6990,21,Female,6,2,5,25
6991,23,Male,1,2,4,49
6992,16,Male,5,1,5,30
6993,17,Female,0,7,4,91
6994,24,Male,3,3,7,64
6995,23,Female,0,1,8,59
6996,22,Male,4,4,5,52
6997,22,Female,5,5,4,38
6998,20,Male,1,2,5,62
6999,17,Female,2,1,5,47
7000,21,Female,7,2,6,15
7001,18,Male,3,7,5,87
7002,19,Female,6,1,5,32
7003,17,Male,7,6,8,47
7004,17,Male,7,2,5,10
7005,23,Male,7,2,7,38
7006,23,Male,2,4,7,78
7007,21,Other,7,1,5,9
7008,20,Male,6,2,8,38
7009,23,Female,6,4,6,51
7010,19,Male,0,3,4,71
7011,19,Female,7,7,4,67
7012,20,Male,6,1,7,38
7013,16,Female,6,8,6,86
7014,16,Female,0,8,6,86
7015,17,Female,1,7,4,82
7016,23,Male,7,3,4,24
7017,22,Female,4,8,7,90
7018,24,Male,3,2,8,61
7019,20,Male,6,2,6,17
7020,17,Male,0,1,5,59
7021,22,Male,3,9,8,100
7022,23,Male,3,3,7,64
7023,22,Female,2,9,7,85
7024,22,Male,2,3,4,49
7025,20,Male,1,9,6,99
7026,17,Male,1,9,8,100
7027,21,Female,5,9,5,86
7028,19,Female,7,5,7,55
7029,17,Male,4,8,7,81
7030,24,Female,2,9,4,91
7031,22,Female,1,3,7,87
7032,21,Male,6,4,4,43
7033,20,Female,7,7,7,54
7034,18,Female,2,3,8,79
7035,19,Female,2,7,8,100
7036,18,Male,4,1,8,40
7037,23,Male,6,5,6,67
7038,18,Male,3,2,7,41
7039,22,Female,5,3,7,47
7040,22,Female,5,3,4,34
7041,22,Male,7,8,4,61
7042,22,Male,1,2,6,72
7043,17,Female,7,8,4,63
7044,18,Female,3,8,8,91
7045,24,Female,5,5,6,58
7046,18,Female,4,3,5,53
7047,17,Female,3,3,5,46
7048,24,Male,5,5,8,72
7049,24,Male,3,1,8,47
7050,19,Male,1,5,4,80
7051,24,Female,3,9,7,91
7052,18,Male,4,2,6,50
7053,22,Female,1,6,6,99
7054,22,Male,7,9,7,79
7055,23,Male,1,8,5,102
7056,19,Female,3,8,6,91
7057,18,Male,1,8,5,84
7058,18,Male,4,3,4,55
7059,20,Female,2,9,4,94
7060,16,Male,3,9,4,94
7061,18,Female,1,5,7,85
7062,21,Female,0,4,4,60
7063,18,Female,6,4,6,51
7064,20,Female,5,4,6,57
7065,24,Male,2,2,8,76
7066,17,Female,0,6,7,91
7067,17,Male,6,6,8,48
7068,21,Male,1,5,4,82
7069,21,Male,7,1,7,28
7070,23,Male,3,8,4,77
7071,17,Female,2,2,7,62
7072,24,Male,5,2,5,31
7073,17,Female,7,6,7,57
7074,16,Male,2,4,5,69
7075,17,Male,3,1,4,41
7076,22,Other,3,4,7,79
7077,23,Male,7,7,8,88
7078,20,Female,5,6,4,58
7079,21,Male,1,4,8,78
7080,16,Male,1,2,4,65
7081,21,Female,1,6,7,98
7082,23,Female,2,8,8,100
7083,18,Male,1,6,4,78
7084,16,Male,5,8,6,93
7085,19,Male,0,5,5,73
7086,16,Female,3,7,5,82
7087,23,Female,5,9,7,85
7088,20,Female,2,7,7,95
7089,16,Male,0,9,8,108
7090,23,Female,0,4,4,59
7091,24,Female,1,9,6,100
7092,17,Female,6,6,6,61
7093,24,Female,5,8,8,98
7094,23,Female,0,1,4,33
7095,22,Male,3,6,8,104
7096,18,Female,2,8,6,98
7097,17,Female,4,2,7,41
7098,22,Male,4,6,5,74
7099,20,Male,3,8,8,87
7100,21,Female,2,3,6,59
7101,19,Male,1,4,7,86
7102,17,Female,5,6,7,53
7103,24,Male,7,5,5,43
7104,18,Male,7,1,4,6
7105,22,Male,0,1,8,54
7106,23,Male,5,1,5,31
7107,17,Male,5,3,8,48
7108,21,Female,7,3,7,37
7109,23,Female,2,7,5,87
7110,22,Other,5,6,6,59
7111,18,Male,0,7,7,99
7112,16,Female,5,1,7,40
7113,21,Female,2,5,8,80
7114,23,Female,6,3,4,22
7115,21,Female,6,8,8,80
7116,20,Male,2,7,6,90
7117,23,Male,4,8,8,99
7118,17,Male,0,1,5,44
7119,16,Male,3,7,4,78
7120,16,Female,2,5,6,84
7121,19,Male,1,8,5,100
7122,21,Female,7,5,8,61
7123,24,Female,1,5,4,81
7124,16,Other,5,1,4,33
7125,16,Female,7,7,4,59
7126,20,Male,7,3,5,30
7127,20,Female,6,1,6,17
7128,20,Male,1,1,6,72
7129,21,Female,6,9,5,68
7130,23,Female,2,4,4,60
7131,18,Female,7,8,5,63
7132,24,Male,5,9,4,84
7133,16,Female,6,9,7,91
7134,19,Male,0,8,7,100
7135,24,Male,4,9,7,75
7136,23,Female,6,3,8,55
7137,24,Male,6,2,8,33
7138,16,Other,0,6,6,100
7139,24,Male,7,5,6,45
7140,18,Female,0,1,8,76
7141,24,Male,4,7,7,60
7142,16,Female,5,6,5,54
7143,16,Female,0,8,6,89
7144,24,Female,0,6,8,92
7145,21,Male,6,6,8,56
7146,19,Female,3,4,5,74
7147,22,Male,0,5,8,92
7148,20,Male,6,9,8,99
7149,22,Male,6,2,5,25
7150,23,Female,4,5,8,68
7151,23,Male,1,6,8,95
7152,16,Female,0,4,4,57
7153,23,Female,5,3,7,56
7154,21,Male,4,3,5,50
7155,19,Female,5,3,7,50
7156,23,Male,6,4,8,58
7157,18,Female,3,8,6,83
7158,19,Male,1,5,6,80
7159,21,Female,7,3,8,42
7160,22,Male,4,4,8,65
7161,19,Male,4,1,4,21
7162,19,Male,7,9,8,90
7163,22,Male,7,4,4,24
7164,21,Male,4,9,5,87
7165,23,Male,2,4,7,84
7166,16,Female,7,8,7,60
7167,22,Female,5,3,7,58
7168,22,Female,3,1,4,37
7169,22,Female,4,1,4,34
7170,22,Female,3,6,8,69
7171,23,Female,7,3,4,25
7172,24,Female,3,4,4,59
7173,24,Male,6,8,8,76
7174,17,Female,6,3,7,38
7175,22,Male,6,3,5,37
7176,22,Female,5,8,4,91
7177,19,Female,6,5,8,57
7178,24,Male,3,8,8,92
7179,23,Female,0,4,4,63
7180,16,Male,6,4,6,43
7181,17,Male,3,2,5,43
7182,17,Male,1,9,8,100
7183,23,Female,0,9,5,95
7184,16,Female,1,9,7,100
7185,19,Female,6,4,6,48
7186,20,Male,5,8,6,93
7187,24,Female,1,4,8,100
7188,22,Female,6,5,6,41
7189,23,Male,2,8,8,100
7190,24,Female,6,2,5,27
7191,22,Male,3,2,4,36
7192,20,Male,5,3,6,47
7193,20,Male,3,8,6,91
7194,21,Female,2,4,6,67
7195,20,Male,6,4,8,41
7196,24,Male,0,9,6,100
7197,18,Male,7,4,8,32
7198,18,Male,5,3,6,54
7199,22,Male,3,6,5,76
7200,22,Male,5,8,4,76
7201,21,Female,0,1,8,58
7202,18,Male,4,6,4,67
7203,22,Female,7,1,4,13
7204,20,Female,1,5,4,67
7205,22,Male,5,3,6,39
7206,17,Male,3,3,6,52
7207,21,Female,5,5,4,46
7208,23,Male,1,9,6,100
7209,16,Male,3,7,5,79
7210,19,Male,7,9,7,79
7211,16,Female,1,6,8,100
7212,16,Female,5,1,7,38
7213,23,Other,4,3,6,58
7214,22,Female,4,9,5,80
7215,16,Male,4,6,8,69
7216,17,Male,4,9,5,89
7217,19,Male,0,2,5,62
7218,16,Male,7,3,8,45
7219,18,Male,6,4,8,48
7220,23,Male,1,3,8,80
7221,23,Male,3,3,8,62
7222,23,Male,6,4,8,66
7223,21,Male,7,6,7,66
7224,21,Other,7,3,5,22
7225,20,Female,7,1,8,28
7226,24,Other,1,7,8,100
7227,19,Male,7,5,5,27
7228,22,Male,7,6,6,35
7229,16,Male,3,5,4,66
7230,24,Male,3,9,8,96
7231,22,Male,3,6,6,62
7232,24,Female,5,9,5,84
7233,22,Other,2,5,5,71
7234,17,Male,0,3,8,79
7235,21,Male,1,4,7,76
7236,19,Male,3,5,6,70
7237,18,Male,2,5,6,93
7238,17,Male,6,7,4,68
7239,21,Male,0,3,4,48
7240,23,Male,7,6,6,50
7241,21,Male,7,8,6,72
7242,24,Male,7,7,5,63
7243,20,Male,5,5,6,58
7244,17,Male,0,9,4,100
7245,23,Other,3,4,8,62
7246,24,Male,1,1,5,67
7247,19,Female,7,8,4,66
7248,21,Female,2,2,4,55
7249,23,Female,4,7,4,71
7250,24,Female,6,2,4,33
7251,20,Female,7,1,6,11
7252,21,Female,6,2,7,52
7253,19,Male,5,4,5,49
7254,20,Male,3,1,6,32
7255,22,Other,4,2,8,63
7256,24,Female,0,7,5,93
7257,21,Other,7,7,7,79
7258,21,Female,4,8,4,72
7259,23,Female,0,8,4,94
7260,19,Female,7,4,6,34
7261,18,Female,3,8,5,77
7262,22,Female,6,5,8,61
7263,20,Female,6,5,4,35
7264,17,Female,6,7,6,77
7265,17,Female,0,2,7,75
7266,21,Female,1,8,4,94
7267,23,Male,7,4,7,47
7268,16,Male,7,2,6,22
7269,21,Female,3,2,7,49
7270,17,Female,3,2,8,44
7271,17,Male,1,9,5,92
7272,22,Male,7,9,6,86
7273,16,Female,1,4,5,72
7274,21,Female,1,3,5,66
7275,22,Female,5,2,4,34
7276,23,Female,1,8,8,100
7277,22,Male,7,2,6,33
7278,21,Male,0,9,4,89
7279,24,Male,0,7,4,86
7280,18,Female,4,9,5,85
7281,21,Male,3,5,4,68
7282,19,Female,1,7,5,100
7283,17,Female,3,6,4,68
7284,16,Female,3,8,4,80
7285,16,Female,7,8,7,73
7286,18,Male,0,6,8,100
7287,19,Female,7,6,6,45
7288,17,Male,5,9,8,82
7289,16,Male,1,9,4,98
7290,19,Male,0,6,7,100
7291,22,Male,4,1,4,23
7292,21,Female,1,1,8,67
7293,21,Female,2,8,8,85
7294,24,Male,1,1,7,68
7295,17,Male,5,2,8,45
7296,19,Female,4,3,6,55
7297,20,Female,0,6,5,81
7298,16,Male,4,6,7,72
7299,23,Female,6,3,6,33
7300,23,Female,0,2,4,59
7301,21,Female,7,7,6,67
7302,20,Male,4,9,7,85
7303,23,Female,7,1,4,15
7304,18,Female,1,2,7,71
7305,18,Female,7,6,7,50
7306,17,Female,5,8,4,81
7307,20,Other,4,8,6,73
7308,18,Male,4,7,8,87
7309,18,Female,0,8,8,100
7310,21,Female,7,2,6,37
7311,23,Female,5,1,5,35
7312,17,Male,0,6,4,87
7313,19,Male,0,8,4,89
7314,22,Female,0,6,5,83
7315,16,Female,4,9,8,98
7316,16,Male,4,8,8,79
7317,22,Female,4,7,8,89
7318,22,Male,2,1,5,41
7319,16,Other,4,1,4,25
7320,16,Female,4,8,6,78
7321,19,Male,0,2,7,76
7322,20,Female,2,1,6,49
7323,20,Female,0,9,7,107
7324,19,Male,7,9,7,87
7325,23,Female,5,2,7,50
7326,22,Male,7,8,6,76
7327,24,Female,2,1,7,63
7328,22,Male,7,3,4,25
7329,16,Male,4,6,7,61
7330,22,Male,3,7,5,87
7331,16,Male,1,1,5,53
7332,22,Female,5,3,4,29
7333,23,Male,7,2,4,27
7334,24,Male,1,9,8,100
7335,18,Female,1,7,6,86
7336,19,Female,5,4,8,61
7337,19,Female,7,1,4,14
7338,24,Female,6,6,5,55
7339,22,Female,2,6,6,88
7340,18,Male,3,8,5,80
7341,20,Male,3,3,7,65
7342,22,Other,6,9,6,81
7343,23,Male,6,4,8,59
7344,16,Male,4,3,6,56
7345,17,Male,2,4,6,65
7346,22,Male,7,5,5,35
7347,17,Female,5,9,7,111
7348,22,Female,7,7,7,53
7349,24,Other,4,6,5,69
7350,17,Female,6,2,5,23
7351,22,Male,6,2,7,37
7352,19,Male,2,5,8,91
7353,17,Other,7,7,4,53
7354,22,Male,0,7,8,108
7355,20,Male,6,3,6,48
7356,16,Female,7,1,6,21
7357,20,Female,2,4,8,72
7358,18,Male,5,9,7,86
7359,22,Female,4,5,8,77
7360,21,Other,6,3,6,44
7361,23,Male,6,3,5,27
7362,20,Female,4,2,7,48
7363,17,Male,6,5,8,54
7364,24,Female,2,8,8,100
7365,23,Female,1,9,4,94
7366,21,Other,3,5,5,68
7367,22,Male,5,2,6,48
7368,24,Male,1,7,6,95
7369,22,Male,5,7,4,67
7370,18,Female,3,1,5,40
7371,21,Male,6,8,7,84
7372,22,Male,0,8,7,109
7373,17,Male,5,5,8,60
7374,18,Male,5,6,8,71
7375,19,Male,7,7,5,56
7376,21,Female,5,7,8,85
7377,16,Male,6,1,7,20
7378,24,Male,7,2,8,25
7379,20,Female,5,2,5,34
7380,22,Female,2,7,5,89
7381,24,Male,6,4,7,59
7382,24,Male,5,5,8,61
7383,16,Female,3,7,8,82
7384,16,Male,5,4,7,61
7385,18,Female,6,7,5,61
7386,21,Male,7,4,7,49
7387,17,Male,7,4,8,43
7388,16,Male,2,4,7,68
7389,16,Female,3,9,7,99
7390,20,Female,0,7,4,92
7391,19,Male,1,1,7,60
7392,16,Female,7,9,6,68
7393,19,Male,2,7,8,96
7394,18,Male,4,2,7,42
7395,17,Female,5,1,7,52
7396,24,Male,6,3,8,53
7397,16,Female,1,6,4,80
7398,22,Female,2,6,5,83
7399,19,Female,3,3,7,57
7400,20,Female,2,5,5,73
7401,20,Male,7,2,5,15
7402,16,Male,6,1,8,30
7403,21,Male,3,5,6,66
7404,24,Male,7,4,4,27
7405,17,Female,2,5,5,85
7406,22,Male,6,9,4,84
7407,21,Female,1,2,6,68
7408,20,Male,6,1,4,20
7409,19,Female,3,1,8,52
7410,19,Female,0,5,6,81
7411,21,Female,2,7,4,85
7412,19,Male,3,6,5,73
7413,20,Female,5,5,7,53
7414,21,Male,0,4,5,69
7415,20,Male,5,3,6,38
7416,22,Male,5,4,8,70
7417,24,Female,5,6,5,56
7418,22,Male,6,2,5,29
7419,22,Female,1,7,8,100
7420,19,Other,4,6,5,63
7421,16,Male,7,3,4,19
7422,23,Female,4,5,4,55
7423,19,Female,4,9,8,96
7424,16,Male,5,1,8,45
7425,20,Female,2,2,5,55
7426,23,Male,5,5,6,58
7427,19,Female,7,6,4,40
7428,23,Male,0,2,7,59
7429,23,Male,6,9,4,68
7430,18,Female,1,6,4,74
7431,24,Male,3,8,8,100
7432,18,Male,6,3,5,45
7433,16,Male,6,8,4,72
7434,17,Male,7,4,8,53
7435,21,Female,7,3,7,31
7436,17,Female,3,9,7,91
7437,21,Female,5,1,8,42
7438,16,Female,3,9,6,85
7439,16,Male,2,5,4,66
7440,20,Male,3,9,4,100
7441,24,Female,5,5,5,47
7442,23,Female,4,7,4,71
7443,18,Male,6,1,6,16
7444,18,Male,5,5,4,36
7445,16,Female,0,7,6,94
7446,18,Female,5,8,4,75
7447,16,Female,3,2,5,58
7448,23,Male,3,4,7,77
7449,16,Female,6,4,5,48
7450,20,Male,4,1,5,45
7451,24,Male,7,4,8,49
7452,22,Female,5,8,7,78
7453,19,Male,4,3,6,68
7454,24,Male,6,4,6,41
7455,24,Other,0,9,7,105
7456,17,Female,0,1,4,39
7457,21,Female,0,6,4,78
7458,19,Male,3,7,7,85
7459,23,Male,1,7,5,93
7460,22,Female,7,7,4,58
7461,22,Female,4,7,5,71
7462,24,Female,5,1,4,30
7463,20,Male,2,5,8,89
7464,21,Male,2,8,5,80
7465,16,Other,2,1,4,53
7466,21,Female,5,1,7,34
7467,17,Male,3,8,6,77
7468,21,Male,4,7,6,68
7469,24,Female,4,4,6,58
7470,23,Male,6,9,6,88
7471,24,Male,0,7,7,100
7472,23,Male,6,9,5,89
7473,18,Female,4,9,5,87
7474,23,Male,5,5,8,69
7475,21,Other,2,7,4,90
7476,21,Male,3,7,5,81
7477,21,Female,1,8,4,90
7478,18,Male,7,8,4,67
7479,16,Female,3,2,5,43
7480,19,Other,7,3,4,11
7481,21,Female,3,3,4,53
7482,17,Female,1,8,5,84
7483,22,Female,4,8,4,70
7484,22,Female,0,5,7,82
7485,19,Female,7,6,7,55
7486,19,Other,6,8,6,91
7487,16,Male,5,3,8,55
7488,17,Other,4,1,7,40
7489,24,Male,4,5,7,71
7490,23,Male,7,9,4,61
7491,23,Male,2,8,8,92
7492,24,Male,6,4,8,52
7493,22,Female,4,1,5,33
7494,24,Female,7,6,7,56
7495,17,Female,6,8,7,76
7496,21,Female,7,6,5,43
7497,18,Female,4,4,6,57
7498,21,Female,1,2,4,52
7499,18,Male,4,9,4,94
7500,23,Female,5,3,4,40
7501,19,Female,6,3,6,40
7502,21,Female,0,8,7,106
7503,24,Female,4,9,8,100
7504,17,Female,1,6,6,85
7505,17,Male,7,6,5,43
7506,22,Male,1,3,4,60
7507,17,Female,5,1,8,35
7508,17,Female,2,2,6,64
7509,19,Female,2,6,7,81
7510,24,Male,7,2,4,26
7511,23,Male,1,8,6,100
7512,17,Female,0,2,5,67
7513,23,Male,0,5,4,80
7514,19,Female,4,5,7,78
7515,17,Male,5,6,6,63
7516,22,Male,2,3,5,70
7517,21,Female,5,8,8,101
7518,20,Male,0,5,6,71
7519,16,Female,6,7,4,62
7520,17,Female,6,6,8,68
7521,23,Male,7,2,5,5
7522,16,Female,7,6,8,60
7523,18,Female,2,5,8,91
7524,17,Male,3,9,4,86
7525,20,Male,5,8,6,85
7526,19,Male,1,2,4,56
7527,22,Female,2,1,5,53
7528,20,Female,0,3,7,76
7529,23,Female,3,9,5,100
7530,19,Female,4,1,4,32
7531,21,Female,1,7,6,94
7532,19,Female,0,6,6,97
7533,17,Female,5,6,7,69
7534,16,Male,0,2,7,65
7535,16,Female,7,3,7,25
7536,23,Female,1,4,8,79
7537,19,Female,5,1,5,29
7538,20,Female,3,1,6,42
7539,23,Male,0,1,5,45
7540,22,Female,3,6,8,74
7541,23,Male,4,4,6,58
7542,23,Female,6,3,8,49
7543,21,Male,5,3,7,55
7544,17,Female,0,2,7,74
7545,21,Female,1,4,6,79
7546,16,Female,2,2,6,61
7547,16,Male,0,7,6,95
7548,18,Other,3,2,5,49
7549,18,Female,7,9,8,74
7550,20,Female,4,1,7,48
7551,16,Male,5,9,8,98
7552,21,Female,5,8,6,89
7553,22,Male,6,7,4,57
7554,18,Female,1,9,7,107
7555,19,Male,6,2,5,23
7556,18,Female,7,2,8,42
7557,16,Female,1,3,7,81
7558,23,Male,2,3,4,64
7559,17,Female,7,3,7,41
7560,16,Female,6,6,7,57
7561,23,Male,2,1,6,37
7562,22,Female,4,4,6,62
7563,22,Male,3,3,5,47
7564,19,Male,3,6,5,61
7565,24,Male,2,9,7,100
7566,21,Female,2,5,4,64
7567,17,Male,5,4,7,61
7568,16,Female,6,4,6,46
7569,16,Female,6,8,8,74
7570,24,Male,1,1,8,72
7571,19,Female,6,9,7,79
7572,20,Male,2,4,6,65
7573,18,Female,3,3,6,47
7574,19,Male,7,9,5,71
7575,23,Male,3,9,4,93
7576,19,Female,1,6,6,97
7577,24,Female,1,1,8,74
7578,24,Male,3,7,5,85
7579,21,Female,6,4,6,38
7580,17,Male,7,4,6,37
7581,22,Female,6,2,8,44
7582,24,Female,7,5,4,37
7583,21,Male,5,7,5,80
7584,18,Male,7,3,8,42
7585,22,Male,0,9,4,100
7586,20,Male,7,2,7,32
7587,16,Male,3,1,7,49
7588,18,Female,7,6,5,48
7589,20,Other,0,8,6,84
7590,22,Male,5,9,8,83
7591,18,Female,5,7,4,64
7592,21,Female,7,2,5,10
7593,20,Female,6,9,6,91
7594,16,Female,3,9,6,98
7595,21,Female,4,2,6,54
7596,23,Male,2,6,8,86
7597,16,Male,1,6,8,96
7598,17,Male,1,4,5,64
7599,19,Male,1,9,5,100
7600,17,Male,4,1,4,34
7601,24,Female,7,6,8,62
7602,23,Male,7,2,5,28
7603,23,Female,0,5,6,84
7604,19,Male,0,8,8,99
7605,20,Female,1,3,6,68
7606,19,Female,2,4,4,75
7607,24,Male,0,9,6,100
7608,17,Male,3,7,7,87
7609,23,Female,4,6,7,62
7610,17,Male,4,3,7,52
7611,16,Male,4,4,4,62
7612,18,Male,2,7,5,87
7613,24,Female,5,8,7,78
7614,18,Female,6,3,8,40
7615,24,Female,2,6,4,74
7616,22,Female,0,1,4,51
7617,16,Female,2,1,7,53
7618,20,Female,1,5,6,109
7619,24,Other,3,3,4,45
7620,18,Male,1,1,6,69
7621,24,Male,3,7,8,88
7622,20,Female,1,5,7,91
7623,24,Female,5,8,6,81
7624,21,Male,0,6,8,92
7625,24,Male,4,7,5,65
7626,22,Female,1,3,6,71
7627,22,Female,0,3,6,56
7628,23,Male,6,6,6,60
7629,22,Female,5,2,8,46
7630,24,Female,0,8,5,92
7631,24,Female,5,5,4,54
7632,21,Male,4,3,8,57
7633,22,Male,3,6,5,70
7634,17,Male,3,9,5,99
7635,24,Male,7,1,6,17
7636,16,Female,1,1,8,74
7637,16,Male,3,8,6,92
7638,18,Other,2,1,6,45
7639,21,Male,6,1,6,27
7640,20,Male,7,4,8,47
7641,17,Female,6,5,8,46
7642,24,Female,6,6,4,71
7643,19,Male,7,5,8,45
7644,19,Female,5,9,8,95
7645,20,Female,6,7,7,84
7646,23,Female,7,9,7,72
7647,19,Female,0,5,6,78
7648,20,Male,5,1,7,47
7649,19,Female,5,9,7,107
7650,21,Female,7,1,4,6
7651,18,Male,7,7,5,55
7652,23,Male,6,1,4,2
7653,21,Female,7,7,8,68
7654,20,Male,4,9,7,93
7655,17,Male,0,4,6,76
7656,22,Other,0,3,8,82
7657,17,Male,4,3,7,42
7658,16,Male,3,5,8,89
7659,22,Female,3,2,4,50
7660,20,Female,3,7,6,75
7661,16,Male,7,4,7,30
7662,19,Female,2,3,5,57
7663,19,Female,6,5,5,45
7664,22,Female,7,5,6,48
7665,24,Male,4,2,7,40
7666,17,Male,3,7,6,80
7667,16,Male,6,8,6,94
7668,17,Female,5,3,6,39
7669,22,Female,2,2,5,38
7670,21,Female,0,7,8,100
7671,19,Female,2,2,5,54
7672,16,Female,1,1,6,69
7673,16,Male,2,6,4,77
7674,20,Female,2,3,6,69
7675,16,Female,5,2,8,52
7676,22,Female,7,9,8,85
7677,16,Male,5,3,5,49
7678,16,Female,7,9,4,66
7679,17,Male,6,2,5,32
7680,18,Male,5,8,5,81
7681,16,Female,3,5,7,74
7682,24,Female,2,1,6,47
7683,23,Male,6,7,7,76
7684,20,Female,7,9,7,81
7685,17,Male,3,2,5,49
7686,20,Male,0,7,7,92
7687,21,Male,6,5,8,66
7688,16,Female,2,7,6,104
7689,19,Other,0,7,8,98
7690,24,Female,6,1,7,17
7691,17,Female,4,2,6,63
7692,20,Male,5,5,8,53
7693,16,Male,7,9,7,79
7694,19,Female,4,4,6,55
7695,19,Male,4,6,5,71
7696,21,Female,2,1,8,49
7697,24,Female,2,7,4,77
7698,18,Other,6,6,6,52
7699,24,Male,3,7,6,83
7700,21,Female,1,9,6,100
7701,22,Female,0,2,7,60
7702,17,Male,3,3,6,57
7703,21,Female,3,9,5,88
7704,21,Male,5,2,8,53
7705,17,Male,3,7,7,82
7706,17,Male,1,7,8,100
7707,17,Male,4,7,5,70
7708,16,Female,7,3,7,36
7709,20,Male,1,2,7,95
7710,23,Male,5,7,5,59
7711,17,Male,4,2,8,59
7712,20,Male,5,6,4,53
7713,23,Male,1,5,6,90
7714,20,Male,7,4,7,40
7715,17,Female,4,3,6,46
7716,18,Female,6,9,7,88
7717,21,Female,1,5,4,63
7718,20,Female,5,6,7,58
7719,19,Male,6,9,5,78
7720,19,Female,3,6,6,74
7721,20,Female,3,9,5,99
7722,17,Male,5,1,6,42
7723,24,Female,0,8,7,100
7724,17,Male,5,4,8,54
7725,17,Male,0,8,6,91
7726,24,Female,1,8,5,99
7727,18,Male,5,3,6,45
7728,22,Male,0,4,7,68
7729,19,Male,7,7,5,65
7730,21,Male,6,1,6,24
7731,19,Male,5,7,6,80
7732,22,Female,6,1,5,22
7733,16,Female,7,9,5,66
7734,18,Female,2,3,4,67
7735,18,Male,6,6,5,54
7736,16,Other,1,2,4,57
7737,21,Female,3,3,6,67
7738,24,Male,4,4,4,52
7739,23,Female,5,5,5,68
7740,22,Female,0,1,5,47
7741,23,Female,2,9,7,96
7742,21,Male,4,1,8,40
7743,24,Male,2,7,7,93
7744,18,Female,6,5,6,48
7745,24,Female,5,5,7,61
7746,19,Female,1,2,4,57
7747,22,Female,1,6,4,86
7748,24,Female,5,5,4,56
7749,17,Male,3,2,4,36
7750,17,Female,1,3,5,65
7751,24,Male,2,1,6,53
7752,18,Female,2,1,4,42
7753,24,Female,0,1,8,70
7754,20,Male,4,2,8,47
7755,21,Female,6,7,8,87
7756,17,Male,4,3,4,57
7757,23,Male,6,4,8,42
7758,24,Male,1,2,8,71
7759,17,Male,3,6,8,92
7760,21,Male,4,4,6,51
7761,21,Male,5,7,7,88
7762,23,Female,5,7,4,74
7763,20,Female,5,6,4,52
7764,24,Female,5,3,4,43
7765,16,Male,0,5,8,95
7766,24,Female,5,3,4,32
7767,22,Female,5,9,4,83
7768,19,Male,7,7,8,60
7769,18,Female,5,5,4,54
7770,21,Male,5,9,8,91
7771,16,Female,4,5,7,68
7772,18,Male,6,3,4,34
7773,17,Male,7,1,4,3
7774,24,Female,6,5,6,54
7775,18,Male,4,8,8,98
7776,17,Male,0,8,8,100
7777,19,Female,5,6,5,65
7778,17,Female,5,4,5,52
7779,16,Female,6,6,5,59
7780,21,Male,1,7,7,98
7781,23,Male,5,4,5,49
7782,17,Female,2,5,4,62
7783,24,Male,6,7,7,79
7784,18,Male,1,8,6,100
7785,23,Female,5,8,4,70
7786,23,Male,2,1,7,58
7787,18,Male,0,2,6,65
7788,18,Male,5,8,6,90
7789,21,Male,0,8,7,94
7790,16,Male,5,4,6,62
7791,19,Male,7,6,7,62
7792,16,Male,7,9,8,73
7793,18,Female,1,9,7,100
7794,24,Female,6,8,7,78
7795,20,Male,2,2,7,61
7796,20,Female,7,7,6,73
7797,19,Male,6,1,4,23
7798,18,Male,0,9,5,100
7799,20,Male,3,2,7,58
7800,19,Female,2,6,6,73
7801,23,Female,6,6,6,59
7802,19,Female,3,7,7,87
7803,23,Male,5,5,4,58
7804,21,Male,4,1,7,49
7805,20,Female,7,7,6,49
7806,19,Male,7,4,5,42
7807,19,Female,3,3,5,59
7808,19,Female,5,9,4,83
7809,24,Female,6,6,5,57
7810,19,Female,7,7,5,61
7811,24,Female,0,5,6,94
7812,21,Female,2,7,7,91
7813,22,Female,2,7,6,76
7814,18,Male,3,6,7,84
7815,23,Female,1,9,7,100
7816,18,Male,3,5,4,63
7817,16,Male,5,7,5,72
7818,20,Male,3,8,4,74
7819,17,Male,5,4,8,58
7820,21,Female,0,5,8,89
7821,24,Female,7,9,4,64
7822,16,Male,7,1,6,12
7823,19,Male,4,4,8,70
7824,16,Female,7,5,7,52
7825,16,Female,1,1,6,56
7826,23,Female,6,9,5,71
7827,17,Male,0,3,5,63
7828,16,Female,3,3,7,58
7829,23,Female,2,8,7,106
7830,19,Male,4,3,6,47
7831,18,Male,2,6,4,86
7832,19,Male,5,8,8,110
7833,20,Male,2,8,8,100
7834,16,Other,6,8,4,61
7835,16,Male,5,1,4,38
7836,18,Male,1,1,6,52
7837,21,Male,2,3,5,64
7838,16,Male,6,1,5,14
7839,17,Female,3,5,4,68
7840,22,Male,4,4,8,70
7841,16,Female,5,6,8,71
7842,22,Male,2,3,4,62
7843,19,Female,2,5,8,83
7844,21,Female,3,4,7,60
7845,23,Female,1,2,5,64
7846,24,Female,2,6,8,88
7847,21,Female,0,7,6,92
7848,24,Male,2,8,8,93
7849,19,Female,2,8,6,92
7850,21,Female,7,7,6,70
7851,23,Female,4,7,5,69
7852,24,Male,6,1,5,21
7853,18,Male,0,1,6,57
7854,17,Female,0,8,8,100
7855,21,Male,6,3,7,28
7856,19,Male,4,4,4,40
7857,16,Male,1,2,4,57
7858,23,Female,3,2,8,55
7859,24,Other,4,7,5,79
7860,24,Female,6,3,5,40
7861,17,Male,0,5,8,77
7862,24,Male,4,2,8,47
7863,22,Male,5,7,7,75
7864,20,Female,7,7,4,57
7865,22,Female,6,4,5,32
7866,24,Male,2,8,7,98
7867,23,Female,5,3,8,55
7868,21,Female,6,7,8,82
7869,19,Male,5,7,6,76
7870,16,Male,6,9,8,100
7871,21,Other,7,3,4,21
7872,18,Male,0,1,5,65
7873,21,Female,0,3,5,70
7874,21,Male,6,2,8,42
7875,19,Female,2,2,4,47
7876,17,Female,0,4,5,80
7877,24,Female,3,4,8,73
7878,17,Female,6,9,5,65
7879,18,Female,1,2,5,67
7880,16,Female,5,9,7,110
7881,22,Male,0,8,7,100
7882,16,Male,0,8,6,95
7883,24,Female,2,9,8,100
7884,16,Female,0,7,5,91
7885,20,Male,6,8,8,84
7886,22,Male,6,4,7,50
7887,18,Female,6,5,5,61
7888,24,Male,1,9,8,100
7889,23,Female,4,4,4,55
7890,18,Female,1,1,4,47
7891,20,Female,2,7,8,100
7892,22,Male,4,6,4,57
7893,19,Male,5,8,4,77
7894,20,Male,0,1,5,60
7895,18,Male,2,6,4,60
7896,24,Female,7,3,8,33
7897,24,Female,3,9,8,91
7898,22,Male,7,1,6,22
7899,17,Male,7,8,6,70
7900,22,Male,4,1,6,41
7901,22,Other,2,1,5,40
7902,20,Male,6,3,5,31
7903,24,Female,1,4,4,62
7904,18,Female,2,6,6,92
7905,19,Female,6,2,7,38
7906,16,Female,3,4,8,80
7907,21,Male,1,2,7,63
7908,19,Female,5,8,7,104
7909,16,Male,5,1,5,30
7910,17,Female,1,4,8,78
7911,18,Male,2,6,8,84
7912,24,Female,1,9,8,100
7913,23,Male,3,8,4,88
7914,22,Female,6,9,7,85
7915,19,Male,5,1,7,35
7916,16,Female,5,8,5,89
7917,23,Female,0,8,8,100
7918,19,Male,1,9,5,99
7919,18,Female,1,3,5,70
7920,24,Female,2,9,6,100
7921,19,Male,1,4,5,72
7922,19,Female,3,6,8,86
7923,24,Female,0,4,6,94
7924,17,Female,6,4,6,41
7925,20,Male,6,5,7,50
7926,19,Male,4,4,4,51
7927,24,Female,0,8,7,100
7928,20,Male,7,6,7,64
7929,24,Female,7,7,6,48
7930,24,Male,1,3,8,86
7931,17,Male,5,9,6,96
7932,24,Female,6,6,7,63
7933,18,Female,4,2,8,66
7934,19,Female,2,7,7,100
7935,16,Male,3,2,6,47
7936,16,Male,4,1,4,32
7937,16,Male,3,5,7,87
7938,24,Female,7,5,8,56
7939,23,Female,5,2,6,37
7940,20,Female,1,4,5,72
7941,20,Male,4,9,6,79
7942,24,Female,5,3,7,48
7943,18,Male,1,2,4,63
7944,18,Female,2,9,8,107
7945,22,Male,7,3,8,40
7946,24,Female,4,7,6,74
7947,21,Male,1,3,4,66
7948,17,Male,0,5,7,87
7949,16,Male,4,4,4,69
7950,17,Male,4,9,6,88
7951,16,Male,2,4,4,60
7952,24,Male,5,6,6,78
7953,23,Male,0,9,5,100
7954,22,Female,1,9,8,100
7955,18,Male,4,1,8,59
7956,23,Female,0,8,8,109
7957,17,Male,7,4,5,32
7958,17,Female,1,6,4,86
7959,18,Female,5,4,6,43
7960,22,Male,3,4,4,59
7961,16,Female,3,2,4,48
7962,23,Male,6,6,6,63
7963,22,Female,4,5,6,70
7964,19,Female,5,2,4,36
7965,20,Male,4,5,6,65
7966,16,Male,4,9,6,97
7967,19,Male,6,7,5,70
7968,16,Male,4,5,8,80
7969,16,Female,4,9,4,82
7970,16,Male,6,6,5,47
7971,22,Male,7,2,4,12
7972,22,Male,3,5,4,74
7973,19,Male,4,2,8,61
7974,17,Male,0,7,5,104
7975,18,Female,2,9,7,97
7976,23,Male,3,4,6,65
7977,23,Female,6,4,7,46
7978,21,Male,4,4,8,65
7979,24,Male,5,3,8,59
7980,24,Female,0,8,4,91
7981,19,Male,3,6,8,78
7982,16,Male,7,1,6,24
7983,16,Female,1,8,5,97
7984,20,Female,0,2,7,59
7985,17,Male,3,9,8,108
7986,21,Female,5,4,4,46
7987,22,Female,3,6,7,81
7988,16,Male,3,1,5,42
7989,21,Male,5,4,5,52
7990,23,Male,2,8,8,100
7991,20,Male,6,5,6,39
7992,22,Female,1,9,4,105
7993,21,Female,3,6,6,81
7994,19,Female,5,9,7,100
7995,22,Male,6,9,6,74
7996,24,Male,6,5,4,35
7997,22,Female,5,6,6,60
7998,20,Male,2,8,8,90
7999,22,Female,0,2,7,56
8000,18,Female,1,8,7,100
